"","r1","r2","K1","K2","e11","e12","e21","e22","m1","m2","a11","a12","a21","a22","w11","w12","w21","w22","h11","h12","h21","h22","R1","R2","C1","C2","max.Re.eigen","max.Im.eigen","feasibility","steady.state","species","mut.suc","p.try","sim.number","sequence"
"1",1,1,4,4,0.8,0.8,0.8,0.8,1,1,2.013,1.287,1.287,2.013,0.6,0.4,0.4,0.6,0.4,0.4,0.4,0.4,1.45061079607797,1.45061079607808,0.739804281292787,0.739804281292677,-0.0221439455710937,0.564084906877618,1,1,NA,NA,NA,1,1
"2",1,1,4,4,0.8,0.8,0.8,0.8,1,1,2.013,1.287,1.287,2.013,0.6,0.4,0.4,0.6,0.4,0.4,0.4,0.4,1.45061079607797,1.45061079607808,0.739804281292787,0.739804281292677,-0.0221439455710937,0.564084906877618,1,1,2,0,1,1,2
"3",1,1,4,4,0.8,0.8,0.8,0.8,1,1,2.023,1.277,1.287,2.013,0.6,0.4,0.4,0.6,0.4,0.4,0.4,0.4,1.44818605068181,1.45205101228599,0.737789570197022,0.741540357146135,-0.0219866395422469,0.564162863359173,1,1,1,1,1,1,3
"4",1,1,4,4,0.8,0.8,0.8,0.8,1,1,2.033,1.267,1.287,2.013,0.6,0.4,0.4,0.6,0.4,0.4,0.4,0.4,1.445771376023,1.45247109359231,0.734976360556132,0.743994347499237,-0.0218400691625225,0.564280417373158,1,1,1,1,1,1,4
"5",1,1,4,4,0.8,0.8,0.8,0.8,1,1,2.033,1.267,1.277,2.023,0.6,0.4,0.4,0.6,0.4,0.4,0.4,0.4,1.44775575034697,1.44856710589041,0.734845092173666,0.743594025320827,-0.0216634488592564,0.564363128788367,1,1,2,1,1,1,5
"6",1,1,4,4,0.8,0.8,0.8,0.8,1,1,2.033,1.267,1.267,2.033,0.6,0.4,0.4,0.6,0.4,0.4,0.4,0.4,1.44829652400642,1.44688737332475,0.738012513171549,0.740075894497804,-0.0214986103777526,0.564436646052094,1,1,1,1,1,1,6
"7",1,1,4,4,0.8,0.8,0.8,0.8,1,1,2.033,1.267,1.267,2.033,0.6,0.4,0.4,0.6,0.4,0.4,0.4,0.4,1.44829652400642,1.44688737332475,0.738012513171549,0.740075894497804,-0.0214986103777526,0.564436646052094,1,1,1,0,1,1,7
"8",1,1,4,4,0.8,0.8,0.8,0.8,1,1,2.033,1.267,1.257,2.043,0.6,0.4,0.4,0.6,0.4,0.4,0.4,0.4,1.44851761042686,1.44473351536475,0.740766469770857,0.736949897020024,-0.0213473386001627,0.564548867159421,1,1,2,1,1,1,8
"9",1,1,4,4,0.8,0.8,0.8,0.8,1,1,2.043,1.257,1.257,2.043,0.6,0.4,0.4,0.6,0.4,0.4,0.4,0.4,1.44472206301067,1.44676382090188,0.740413468211394,0.736990989814022,-0.0211967807345867,0.564663616195729,1,1,2,1,1,1,9
"10",1,1,4,4,0.8,0.8,0.8,0.8,1,1,2.043,1.257,1.247,2.053,0.6,0.4,0.4,0.6,0.4,0.4,0.4,0.4,1.44682245073475,1.44297370299839,0.740101100741147,0.736841123217906,-0.0210321710643431,0.564745664776791,1,1,2,1,1,1,10
"11",1,1,4,4,0.8,0.8,0.8,0.8,1,1,2.043,1.257,1.247,2.053,0.6,0.4,0.4,0.6,0.4,0.4,0.4,0.4,1.44682245073475,1.44297370299839,0.740101100741147,0.736841123217906,-0.0210321710643431,0.564745664776791,1,1,1,0,1,1,11
"12",1,1,4,4,0.8,0.8,0.8,0.8,1,1,2.053,1.247,1.247,2.053,0.6,0.4,0.4,0.6,0.4,0.4,0.4,0.4,1.44322853428068,1.44503172163068,0.739795266655905,0.736824018866391,-0.0208768427099503,0.564845715384855,1,1,2,1,1,1,12
"13",1,1,4,4,0.8,0.8,0.8,0.8,1,1,2.063,1.237,1.247,2.053,0.6,0.4,0.4,0.6,0.4,0.4,0.4,0.4,1.44142742868058,1.44525485612237,0.736319245390581,0.740027567955015,-0.0207312633839377,0.564957082688618,1,1,2,1,1,1,13
"14",1,1,4,4,0.8,0.8,0.8,0.8,1,1,2.063,1.237,1.247,2.053,0.6,0.4,0.4,0.6,0.4,0.4,0.4,0.4,1.44142742868058,1.44525485612237,0.736319245390581,0.740027567955015,-0.0207312633839377,0.564957082688618,1,1,2,0,1,1,14
"15",1,1,4,4,0.8,0.8,0.8,0.8,1,1,2.063,1.237,1.247,2.053,0.6,0.4,0.4,0.6,0.4,0.4,0.4,0.4,1.44142742868058,1.44525485612237,0.736319245390581,0.740027567955015,-0.0207312633839377,0.564957082688618,1,1,2,0,1,1,15
"16",1,1,4,4,0.8,0.8,0.8,0.8,1,1,2.073,1.227,1.247,2.053,0.6,0.4,0.4,0.6,0.4,0.4,0.4,0.4,1.43939596919312,1.44551433930938,0.733205274012595,0.742698986618344,-0.0205734233029389,0.565046487253851,1,1,2,1,1,1,16
"17",1,1,4,4,0.8,0.8,0.8,0.8,1,1,2.073,1.227,1.237,2.063,0.6,0.4,0.4,0.6,0.4,0.4,0.4,0.4,1.44139299095323,1.44169953429237,0.733284165020267,0.742238635850453,-0.0204137629731497,0.565151283699336,1,1,2,1,1,1,17
"18",1,1,4,4,0.8,0.8,0.8,0.8,1,1,2.073,1.227,1.227,2.073,0.6,0.4,0.4,0.6,0.4,0.4,0.4,0.4,1.44147377554017,1.44022267805911,0.736749925744135,0.738418280720506,-0.0202543898296045,0.565237860197683,1,1,2,1,1,1,18
"19",1,1,4,4,0.8,0.8,0.8,0.8,1,1,2.083,1.217,1.227,2.073,0.6,0.4,0.4,0.6,0.4,0.4,0.4,0.4,1.43755341976389,1.44214044672553,0.736324436668454,0.73847947852474,-0.0201077768131492,0.565354939892793,1,1,1,1,1,1,19
"20",1,1,4,4,0.8,0.8,0.8,0.8,1,1,2.083,1.217,1.227,2.073,0.6,0.4,0.4,0.6,0.4,0.4,0.4,0.4,1.43755341976389,1.44214044672553,0.736324436668454,0.73847947852474,-0.0201077768131492,0.565354939892793,1,1,2,0,1,1,20
"21",1,1,4,4,0.8,0.8,0.8,0.8,1,1,2.093,1.207,1.227,2.073,0.6,0.4,0.4,0.6,0.4,0.4,0.4,0.4,1.43619620312643,1.44225206035372,0.73248564204544,0.741889920072222,-0.0199426165036952,0.565418092597716,1,1,2,1,1,1,21
"22",1,1,4,4,0.8,0.8,0.8,0.8,1,1,2.093,1.207,1.227,2.073,0.6,0.4,0.4,0.6,0.4,0.4,0.4,0.4,1.43619620312643,1.44225206035372,0.73248564204544,0.741889920072222,-0.0199426165036952,0.565418092597716,1,1,2,0,1,1,22
"23",1,1,4,4,0.8,0.8,0.8,0.8,1,1,2.093,1.207,1.227,2.073,0.6,0.4,0.4,0.6,0.4,0.4,0.4,0.4,1.43619620312643,1.44225206035372,0.73248564204544,0.741889920072222,-0.0199426165036952,0.565418092597716,1,1,1,0,1,1,23
"24",1,1,4,4,0.8,0.8,0.8,0.8,1,1,2.093,1.207,1.217,2.083,0.6,0.4,0.4,0.6,0.4,0.4,0.4,0.4,1.43741912544362,1.43923210634868,0.733933037155492,0.740177755994253,-0.0197965185000308,0.565543728024733,1,1,1,1,1,1,24
"25",1,1,4,4,0.8,0.8,0.8,0.8,1,1,2.103,1.197,1.217,2.083,0.6,0.4,0.4,0.6,0.4,0.4,0.4,0.4,1.43475743928482,1.44021556524546,0.731773680055094,0.741855771368349,-0.0196343932447224,0.565620410845342,1,1,2,1,1,1,25
"26",1,1,4,4,0.8,0.8,0.8,0.8,1,1,2.103,1.197,1.217,2.083,0.6,0.4,0.4,0.6,0.4,0.4,0.4,0.4,1.43475743928482,1.44021556524546,0.731773680055094,0.741855771368349,-0.0196343932447224,0.565620410845342,1,1,2,0,1,1,26
"27",1,1,4,4,0.8,0.8,0.8,0.8,1,1,2.103,1.197,1.217,2.083,0.6,0.4,0.4,0.6,0.4,0.4,0.4,0.4,1.43475743928482,1.44021556524546,0.731773680055094,0.741855771368349,-0.0196343932447224,0.565620410845342,1,1,2,0,1,1,27
"28",1,1,4,4,0.8,0.8,0.8,0.8,1,1,2.103,1.197,1.217,2.083,0.6,0.4,0.4,0.6,0.4,0.4,0.4,0.4,1.43475743928482,1.44021556524546,0.731773680055094,0.741855771368349,-0.0196343932447224,0.565620410845342,1,1,2,0,1,1,28
"29",1,1,4,4,0.8,0.8,0.8,0.8,1,1,2.103,1.197,1.217,2.083,0.6,0.4,0.4,0.6,0.4,0.4,0.4,0.4,1.43475743928482,1.44021556524546,0.731773680055094,0.741855771368349,-0.0196343932447224,0.565620410845342,1,1,2,0,1,1,29
"30",1,1,4,4,0.8,0.8,0.8,0.8,1,1,2.103,1.197,1.217,2.083,0.6,0.4,0.4,0.6,0.4,0.4,0.4,0.4,1.43475743928482,1.44021556524546,0.731773680055094,0.741855771368349,-0.0196343932447224,0.565620410845342,1,1,2,0,1,1,30
"31",1,1,4,4,0.8,0.8,0.8,0.8,1,1,2.103,1.197,1.207,2.093,0.6,0.4,0.4,0.6,0.4,0.4,0.4,0.4,1.43583453180402,1.43755898454279,0.73352707128717,0.739805070733955,-0.0194818555577757,0.565727957242951,1,1,2,1,1,1,31
"32",1,1,4,4,0.8,0.8,0.8,0.8,1,1,2.103,1.197,1.207,2.093,0.6,0.4,0.4,0.6,0.4,0.4,0.4,0.4,1.43583453180402,1.43755898454279,0.73352707128717,0.739805070733955,-0.0194818555577757,0.565727957242951,1,1,2,0,1,1,32
"33",1,1,4,4,0.8,0.8,0.8,0.8,1,1,2.103,1.197,1.207,2.093,0.6,0.4,0.4,0.6,0.4,0.4,0.4,0.4,1.43583453180402,1.43755898454279,0.73352707128717,0.739805070733955,-0.0194818555577757,0.565727957242951,1,1,2,0,1,1,33
"34",1,1,4,4,0.8,0.8,0.8,0.8,1,1,2.103,1.197,1.207,2.093,0.6,0.4,0.4,0.6,0.4,0.4,0.4,0.4,1.43583453180402,1.43755898454279,0.73352707128717,0.739805070733955,-0.0194818555577757,0.565727957242951,1,1,1,0,1,1,34
"35",1,1,4,4,0.8,0.8,0.8,0.8,1,1,2.103,1.197,1.207,2.093,0.6,0.4,0.4,0.6,0.4,0.4,0.4,0.4,1.43583453180402,1.43755898454279,0.73352707128717,0.739805070733955,-0.0194818555577757,0.565727957242951,1,1,1,0,1,1,35
"36",1,1,4,4,0.8,0.8,0.8,0.8,1,1,2.103,1.197,1.207,2.093,0.6,0.4,0.4,0.6,0.4,0.4,0.4,0.4,1.43583453180402,1.43755898454279,0.73352707128717,0.739805070733955,-0.0194818555577757,0.565727957242951,1,1,2,0,1,1,36
"37",1,1,4,4,0.8,0.8,0.8,0.8,1,1,2.103,1.197,1.197,2.103,0.6,0.4,0.4,0.6,0.4,0.4,0.4,0.4,1.43619590924741,1.43541477546099,0.735977092034166,0.73694545912125,-0.019324343771937,0.565824865137052,1,1,2,1,1,1,37
"38",1,1,4,4,0.8,0.8,0.8,0.8,1,1,2.103,1.197,1.197,2.103,0.6,0.4,0.4,0.6,0.4,0.4,0.4,0.4,1.43619590924741,1.43541477546099,0.735977092034166,0.73694545912125,-0.019324343771937,0.565824865137052,1,1,1,0,1,1,38
"39",1,1,4,4,0.8,0.8,0.8,0.8,1,1,2.103,1.197,1.197,2.103,0.6,0.4,0.4,0.6,0.4,0.4,0.4,0.4,1.43619590924741,1.43541477546099,0.735977092034166,0.73694545912125,-0.019324343771937,0.565824865137052,1,1,2,0,1,1,39
"40",1,1,4,4,0.8,0.8,0.8,0.8,1,1,2.103,1.197,1.187,2.113,0.6,0.4,0.4,0.6,0.4,0.4,0.4,0.4,1.43667885133351,1.43347383255499,0.738539517048667,0.73415167906292,-0.0191832397401654,0.565937079118427,1,1,1,1,1,1,40
"41",1,1,4,4,0.8,0.8,0.8,0.8,1,1,2.113,1.187,1.187,2.113,0.6,0.4,0.4,0.6,0.4,0.4,0.4,0.4,1.43377559846169,1.43436581644319,0.736450262322137,0.735736638970089,-0.0190195104936845,0.566028470522818,1,1,2,1,1,1,41
"42",1,1,4,4,0.8,0.8,0.8,0.8,1,1,2.113,1.187,1.187,2.113,0.6,0.4,0.4,0.6,0.4,0.4,0.4,0.4,1.43377559846169,1.43436581644319,0.736450262322137,0.735736638970089,-0.0190195104936845,0.566028470522818,1,1,2,0,1,1,42
"43",1,1,4,4,0.8,0.8,0.8,0.8,1,1,2.113,1.187,1.177,2.123,0.6,0.4,0.4,0.6,0.4,0.4,0.4,0.4,1.434908066676,1.4319523624678,0.738260860199015,0.733605783786308,-0.018865860359388,0.566114178833008,1,1,2,1,1,1,43
"44",1,1,4,4,0.8,0.8,0.8,0.8,1,1,2.113,1.187,1.167,2.133,0.6,0.4,0.4,0.6,0.4,0.4,0.4,0.4,1.43514458045858,1.42989422268071,0.740733698097283,0.730680954620127,-0.0187102745925193,0.566203889095885,1,1,1,1,1,1,44
"45",1,1,4,4,0.8,0.8,0.8,0.8,1,1,2.123,1.177,1.167,2.133,0.6,0.4,0.4,0.6,0.4,0.4,0.4,0.4,1.43261281337976,1.43097853370866,0.738680775017822,0.732523726820214,-0.0185663499468127,0.566320486164301,1,1,1,1,1,1,45
"46",1,1,4,4,0.8,0.8,0.8,0.8,1,1,2.123,1.177,1.167,2.133,0.6,0.4,0.4,0.6,0.4,0.4,0.4,0.4,1.43261281337976,1.43097853370866,0.738680775017822,0.732523726820214,-0.0185663499468127,0.566320486164301,1,1,2,0,1,1,46
"47",1,1,4,4,0.8,0.8,0.8,0.8,1,1,2.123,1.177,1.167,2.133,0.6,0.4,0.4,0.6,0.4,0.4,0.4,0.4,1.43261281337976,1.43097853370866,0.738680775017822,0.732523726820214,-0.0185663499468127,0.566320486164301,1,1,2,0,1,1,47
"48",1,1,4,4,0.8,0.8,0.8,0.8,1,1,2.123,1.177,1.167,2.133,0.6,0.4,0.4,0.6,0.4,0.4,0.4,0.4,1.43261281337976,1.43097853370866,0.738680775017822,0.732523726820214,-0.0185663499468127,0.566320486164301,1,1,2,0,1,1,48
"49",1,1,4,4,0.8,0.8,0.8,0.8,1,1,2.133,1.167,1.167,2.133,0.6,0.4,0.4,0.6,0.4,0.4,0.4,0.4,1.43172856420379,1.4320029595987,0.735460353072445,0.735145730788495,-0.0183542615518117,0.566276430495191,1,1,2,1,1,1,49
"50",1,1,4,4,0.8,0.8,0.8,0.8,1,1,2.143,1.157,1.167,2.133,0.6,0.4,0.4,0.6,0.4,0.4,0.4,0.4,1.42875996540424,1.43099653071392,0.732484822063144,0.73788511289206,-0.0182599766868592,0.566524907545369,1,1,1,1,1,1,50
"51",1,1,4,4,0.8,0.8,0.8,0.8,1,1,2.143,1.157,1.167,2.133,0.6,0.4,0.4,0.6,0.4,0.4,0.4,0.4,1.42875996540424,1.43099653071392,0.732484822063144,0.73788511289206,-0.0182599766868592,0.566524907545369,1,1,2,0,1,1,51
"52",1,1,4,4,0.8,0.8,0.8,0.8,1,1,2.143,1.157,1.167,2.133,0.6,0.4,0.4,0.6,0.4,0.4,0.4,0.4,1.42875996540424,1.43099653071392,0.732484822063144,0.73788511289206,-0.0182599766868592,0.566524907545369,1,1,2,0,1,1,52
"53",1,1,4,4,0.8,0.8,0.8,0.8,1,1,2.143,1.157,1.157,2.143,0.6,0.4,0.4,0.6,0.4,0.4,0.4,0.4,1.4296167455906,1.42898775627718,0.734609513277448,0.735312490397373,-0.0180883133767885,0.566579737706223,1,1,2,1,1,1,53
"54",1,1,4,4,0.8,0.8,0.8,0.8,1,1,2.143,1.157,1.147,2.153,0.6,0.4,0.4,0.6,0.4,0.4,0.4,0.4,1.42984012369752,1.42707783437587,0.737150488733163,0.732383245105031,-0.0179358274377904,0.566674437230822,1,1,1,1,1,1,54
"55",1,1,4,4,0.8,0.8,0.8,0.8,1,1,2.143,1.157,1.147,2.153,0.6,0.4,0.4,0.6,0.4,0.4,0.4,0.4,1.42984012369752,1.42707783437587,0.737150488733163,0.732383245105031,-0.0179358274377904,0.566674437230822,1,1,1,0,1,1,55
"56",1,1,4,4,0.8,0.8,0.8,0.8,1,1,2.153,1.147,1.147,2.153,0.6,0.4,0.4,0.6,0.4,0.4,0.4,0.4,1.42741933433196,1.42789102603653,0.734831311218944,0.734318592286618,-0.0177798872181169,0.566766163399174,1,1,2,1,1,1,56
"57",1,1,4,4,0.8,0.8,0.8,0.8,1,1,2.163,1.137,1.147,2.153,0.6,0.4,0.4,0.6,0.4,0.4,0.4,0.4,1.4255150123685,1.42818666264498,0.731972873680954,0.736801784336429,-0.0176277843020955,0.566859015245926,1,1,2,1,1,1,57
"58",1,1,4,4,0.8,0.8,0.8,0.8,1,1,2.163,1.137,1.137,2.163,0.6,0.4,0.4,0.6,0.4,0.4,0.4,0.4,1.42624197265502,1.42579615309668,0.733973573106406,0.734444599915535,-0.0174763825649696,0.566958904406587,1,1,2,1,1,1,58
"59",1,1,4,4,0.8,0.8,0.8,0.8,1,1,2.163,1.137,1.137,2.163,0.6,0.4,0.4,0.6,0.4,0.4,0.4,0.4,1.42624197265502,1.42579615309668,0.733973573106406,0.734444599915535,-0.0174763825649696,0.566958904406587,1,1,1,0,1,1,59
"60",1,1,4,4,0.8,0.8,0.8,0.8,1,1,2.163,1.137,1.137,2.163,0.6,0.4,0.4,0.6,0.4,0.4,0.4,0.4,1.42624197265502,1.42579615309668,0.733973573106406,0.734444599915535,-0.0174763825649696,0.566958904406587,1,1,2,0,1,1,60
"61",1,1,4,4,0.8,0.8,0.8,0.8,1,1,2.163,1.137,1.137,2.163,0.6,0.4,0.4,0.6,0.4,0.4,0.4,0.4,1.42624197265502,1.42579615309668,0.733973573106406,0.734444599915535,-0.0174763825649696,0.566958904406587,1,1,2,0,1,1,61
"62",1,1,4,4,0.8,0.8,0.8,0.8,1,1,2.173,1.127,1.137,2.163,0.6,0.4,0.4,0.6,0.4,0.4,0.4,0.4,1.4239275671857,1.42656046197305,0.731692988697632,0.736526315135368,-0.0173429072616817,0.56708197019006,1,1,2,1,1,1,62
"63",1,1,4,4,0.8,0.8,0.8,0.8,1,1,2.183,1.117,1.137,2.163,0.6,0.4,0.4,0.6,0.4,0.4,0.4,0.4,1.42315728014702,1.42753045683163,0.728590046881872,0.739137636547142,-0.0171459652510135,0.567053427006503,1,1,1,1,1,1,63
"64",1,1,4,4,0.8,0.8,0.8,0.8,1,1,2.193,1.107,1.137,2.163,0.6,0.4,0.4,0.6,0.4,0.4,0.4,0.4,1.42155191188008,1.42781441344822,0.725605937598487,0.741653880454632,-0.0169830034857164,0.567111768871459,1,1,2,1,1,1,64
"65",1,1,4,4,0.8,0.8,0.8,0.8,1,1,2.193,1.107,1.127,2.173,0.6,0.4,0.4,0.6,0.4,0.4,0.4,0.4,1.42172432100832,1.42586588986033,0.728111238342309,0.738792614248045,-0.0168302046481162,0.567218796018466,1,1,1,1,1,1,65
"66",1,1,4,4,0.8,0.8,0.8,0.8,1,1,2.203,1.097,1.127,2.173,0.6,0.4,0.4,0.6,0.4,0.4,0.4,0.4,1.41863859873416,1.42480571270734,0.725318209804388,0.741309207846633,-0.0167437486707192,0.567467439069355,1,1,2,1,1,1,66
"67",1,1,4,4,0.8,0.8,0.8,0.8,1,1,2.203,1.097,1.127,2.173,0.6,0.4,0.4,0.6,0.4,0.4,0.4,0.4,1.41863859873416,1.42480571270734,0.725318209804388,0.741309207846633,-0.0167437486707192,0.567467439069355,1,1,1,0,1,1,67
"68",1,1,4,4,0.8,0.8,0.8,0.8,1,1,2.213,1.087,1.127,2.173,0.6,0.4,0.4,0.6,0.4,0.4,0.4,0.4,1.4169413693763,1.4256451528437,0.72277772671744,0.743537051519338,-0.01659220260891,0.567529408402081,1,1,1,1,1,1,68
"69",1,1,4,4,0.8,0.8,0.8,0.8,1,1,2.213,1.087,1.117,2.183,0.6,0.4,0.4,0.6,0.4,0.4,0.4,0.4,1.41740069562624,1.42310899345687,0.724779688019717,0.741058523272211,-0.0164300098105,0.567630235617804,1,1,1,1,1,1,69
"70",1,1,4,4,0.8,0.8,0.8,0.8,1,1,2.213,1.087,1.107,2.193,0.6,0.4,0.4,0.6,0.4,0.4,0.4,0.4,1.41778784968303,1.42137860291833,0.727245546405463,0.738246365427729,-0.016271104820302,0.567715308708085,1,1,2,1,1,1,70
"71",1,1,4,4,0.8,0.8,0.8,0.8,1,1,2.213,1.087,1.107,2.193,0.6,0.4,0.4,0.6,0.4,0.4,0.4,0.4,1.41778784968303,1.42137860291833,0.727245546405463,0.738246365427729,-0.016271104820302,0.567715308708085,1,1,2,0,1,1,71
"72",1,1,4,4,0.8,0.8,0.8,0.8,1,1,2.213,1.087,1.107,2.193,0.6,0.4,0.4,0.6,0.4,0.4,0.4,0.4,1.41778784968303,1.42137860291833,0.727245546405463,0.738246365427729,-0.016271104820302,0.567715308708085,1,1,1,0,1,1,72
"73",1,1,4,4,0.8,0.8,0.8,0.8,1,1,2.223,1.077,1.107,2.193,0.6,0.4,0.4,0.6,0.4,0.4,0.4,0.4,1.41556988393716,1.42193299782291,0.724841742626336,0.740365315658996,-0.016136797226566,0.567826946813192,1,1,1,1,1,1,73
"74",1,1,4,4,0.8,0.8,0.8,0.8,1,1,2.233,1.067,1.107,2.193,0.6,0.4,0.4,0.6,0.4,0.4,0.4,0.4,1.41378098342037,1.42209067064946,0.72200560136005,0.742773466644324,-0.015987905979922,0.567908948043508,1,1,2,1,1,1,74
"75",1,1,4,4,0.8,0.8,0.8,0.8,1,1,2.24299999999999,1.057,1.107,2.193,0.6,0.4,0.4,0.6,0.4,0.4,0.4,0.4,1.4121552754115,1.42233840961349,0.719164653561648,0.745194907753938,-0.0158369913770672,0.56797817915188,1,1,2,1,1,1,75
"76",1,1,4,4,0.8,0.8,0.8,0.8,1,1,2.24299999999999,1.057,1.107,2.193,0.6,0.4,0.4,0.6,0.4,0.4,0.4,0.4,1.4121552754115,1.42233840961349,0.719164653561648,0.745194907753938,-0.0158369913770672,0.56797817915188,1,1,1,0,1,1,76
"77",1,1,4,4,0.8,0.8,0.8,0.8,1,1,2.24299999999999,1.057,1.107,2.193,0.6,0.4,0.4,0.6,0.4,0.4,0.4,0.4,1.4121552754115,1.42233840961349,0.719164653561648,0.745194907753938,-0.0158369913770672,0.56797817915188,1,1,2,0,1,1,77
"78",1,1,4,4,0.8,0.8,0.8,0.8,1,1,2.24299999999999,1.057,1.097,2.203,0.6,0.4,0.4,0.6,0.4,0.4,0.4,0.4,1.41259142917758,1.42010814661659,0.721327935871465,0.742609288333115,-0.0156745806656255,0.568074182646691,1,1,2,1,1,1,78
"79",1,1,4,4,0.8,0.8,0.8,0.8,1,1,2.24299999999999,1.057,1.097,2.203,0.6,0.4,0.4,0.6,0.4,0.4,0.4,0.4,1.41259142917758,1.42010814661659,0.721327935871465,0.742609288333115,-0.0156745806656255,0.568074182646691,1,1,1,0,1,1,79
"80",1,1,4,4,0.8,0.8,0.8,0.8,1,1,2.24299999999999,1.057,1.087,2.213,0.6,0.4,0.4,0.6,0.4,0.4,0.4,0.4,1.41284840767475,1.41831421685047,0.723833858567509,0.739869940581769,-0.0155310672318713,0.568191727666314,1,1,1,1,1,1,80
"81",1,1,4,4,0.8,0.8,0.8,0.8,1,1,2.25299999999999,1.04700000000001,1.087,2.213,0.6,0.4,0.4,0.6,0.4,0.4,0.4,0.4,1.41070764825146,1.41870546409758,0.721310642663912,0.742000087352907,-0.0153895876384779,0.568286638844502,1,1,1,1,1,1,81
"82",1,1,4,4,0.8,0.8,0.8,0.8,1,1,2.25299999999999,1.04700000000001,1.087,2.213,0.6,0.4,0.4,0.6,0.4,0.4,0.4,0.4,1.41070764825146,1.41870546409758,0.721310642663912,0.742000087352907,-0.0153895876384779,0.568286638844502,1,1,2,0,1,1,82
"83",1,1,4,4,0.8,0.8,0.8,0.8,1,1,2.25299999999999,1.04700000000001,1.077,2.223,0.6,0.4,0.4,0.6,0.4,0.4,0.4,0.4,1.4111842716593,1.41660416678154,0.723493388670019,0.739419651904323,-0.0152296847965558,0.568377459547779,1,1,1,1,1,1,83
"84",1,1,4,4,0.8,0.8,0.8,0.8,1,1,2.25299999999999,1.04700000000001,1.077,2.223,0.6,0.4,0.4,0.6,0.4,0.4,0.4,0.4,1.4111842716593,1.41660416678154,0.723493388670019,0.739419651904323,-0.0152296847965558,0.568377459547779,1,1,2,0,1,1,84
"85",1,1,4,4,0.8,0.8,0.8,0.8,1,1,2.25299999999999,1.04700000000001,1.067,2.233,0.6,0.4,0.4,0.6,0.4,0.4,0.4,0.4,1.41132809493615,1.41482009288061,0.725929051378394,0.736595059747336,-0.0150740689139703,0.568470216813874,1,1,2,1,1,1,85
"86",1,1,4,4,0.8,0.8,0.8,0.8,1,1,2.25299999999999,1.04700000000001,1.057,2.24299999999999,0.6,0.4,0.4,0.6,0.4,0.4,0.4,0.4,1.41146511036906,1.41306906924098,0.72835394433544,0.733773076980528,-0.0149193338695273,0.568559424206164,1,1,2,1,1,1,86
"87",1,1,4,4,0.8,0.8,0.8,0.8,1,1,2.25299999999999,1.04700000000001,1.057,2.24299999999999,0.6,0.4,0.4,0.6,0.4,0.4,0.4,0.4,1.41146511036906,1.41306906924098,0.72835394433544,0.733773076980528,-0.0149193338695273,0.568559424206164,1,1,2,0,1,1,87
"88",1,1,4,4,0.8,0.8,0.8,0.8,1,1,2.26299999999999,1.03700000000001,1.057,2.24299999999999,0.6,0.4,0.4,0.6,0.4,0.4,0.4,0.4,1.40951816849889,1.41349891052483,0.725764233237925,0.735959128830194,-0.0147682055392368,0.568640502052278,1,1,2,1,1,1,88
"89",1,1,4,4,0.8,0.8,0.8,0.8,1,1,2.26299999999999,1.03700000000001,1.057,2.24299999999999,0.6,0.4,0.4,0.6,0.4,0.4,0.4,0.4,1.40951816849889,1.41349891052483,0.725764233237925,0.735959128830194,-0.0147682055392368,0.568640502052278,1,1,2,0,1,1,89
"90",1,1,4,4,0.8,0.8,0.8,0.8,1,1,2.26299999999999,1.03700000000001,1.057,2.24299999999999,0.6,0.4,0.4,0.6,0.4,0.4,0.4,0.4,1.40951816849889,1.41349891052483,0.725764233237925,0.735959128830194,-0.0147682055392368,0.568640502052278,1,1,2,0,1,1,90
"91",1,1,4,4,0.8,0.8,0.8,0.8,1,1,2.26299999999999,1.03700000000001,1.057,2.24299999999999,0.6,0.4,0.4,0.6,0.4,0.4,0.4,0.4,1.40951816849889,1.41349891052483,0.725764233237925,0.735959128830194,-0.0147682055392368,0.568640502052278,1,1,1,0,1,1,91
"92",1,1,4,4,0.8,0.8,0.8,0.8,1,1,2.27299999999999,1.02700000000001,1.057,2.24299999999999,0.6,0.4,0.4,0.6,0.4,0.4,0.4,0.4,1.40785878793268,1.41365443903906,0.722995184054913,0.738360981584297,-0.0146228793863586,0.568727345518462,1,1,2,1,1,1,92
"93",1,1,4,4,0.8,0.8,0.8,0.8,1,1,2.28299999999999,1.01700000000001,1.057,2.24299999999999,0.6,0.4,0.4,0.6,0.4,0.4,0.4,0.4,1.40619605467384,1.413797381045,0.720277682315432,0.740778795722638,-0.0144874684626987,0.568827447253734,1,1,1,1,1,1,93
"94",1,1,4,4,0.8,0.8,0.8,0.8,1,1,2.29299999999999,1.00700000000001,1.057,2.24299999999999,0.6,0.4,0.4,0.6,0.4,0.4,0.4,0.4,1.40451103843202,1.41388161143611,0.717537229801602,0.743157354647165,-0.0143489598772785,0.568919502256426,1,1,1,1,1,1,94
"95",1,1,4,4,0.8,0.8,0.8,0.8,1,1,2.29299999999999,1.00700000000001,1.057,2.24299999999999,0.6,0.4,0.4,0.6,0.4,0.4,0.4,0.4,1.40451103843202,1.41388161143611,0.717537229801602,0.743157354647165,-0.0143489598772785,0.568919502256426,1,1,1,0,1,1,95
"96",1,1,4,4,0.8,0.8,0.8,0.8,1,1,2.29299999999999,1.00700000000001,1.04700000000001,2.25299999999999,0.6,0.4,0.4,0.6,0.4,0.4,0.4,0.4,1.40478033417234,1.41188044759973,0.719720826647867,0.740405348527931,-0.0141723505794808,0.56898347608068,1,1,1,1,1,1,96
"97",1,1,4,4,0.8,0.8,0.8,0.8,1,1,2.29299999999999,1.00700000000001,1.03700000000001,2.26299999999999,0.6,0.4,0.4,0.6,0.4,0.4,0.4,0.4,1.40502967738255,1.41025275387739,0.722205297467011,0.737723954711963,-0.0140321718482491,0.569099078372033,1,1,1,1,1,1,97
"98",1,1,4,4,0.8,0.8,0.8,0.8,1,1,2.29299999999999,1.00700000000001,1.03700000000001,2.26299999999999,0.6,0.4,0.4,0.6,0.4,0.4,0.4,0.4,1.40502967738255,1.41025275387739,0.722205297467011,0.737723954711963,-0.0140321718482491,0.569099078372033,1,1,2,0,1,1,98
"99",1,1,4,4,0.8,0.8,0.8,0.8,1,1,2.29299999999999,1.00700000000001,1.03700000000001,2.26299999999999,0.6,0.4,0.4,0.6,0.4,0.4,0.4,0.4,1.40502967738255,1.41025275387739,0.722205297467011,0.737723954711963,-0.0140321718482491,0.569099078372033,1,1,2,0,1,1,99
"100",1,1,4,4,0.8,0.8,0.8,0.8,1,1,2.30299999999999,0.997000000000006,1.03700000000001,2.26299999999999,0.6,0.4,0.4,0.6,0.4,0.4,0.4,0.4,1.40413506468457,1.41132802220322,0.719441886001886,0.739901442993558,-0.0138293616612138,0.569051514160896,1,1,1,1,1,1,100
"101",1,1,4,4,0.8,0.8,0.8,0.8,1,1,2.30299999999999,0.997000000000006,1.02700000000001,2.27299999999999,0.6,0.4,0.4,0.6,0.4,0.4,0.4,0.4,1.40436368597797,1.40970346405643,0.721848204404673,0.737167318960472,-0.0136753068539635,0.569142807753125,1,1,2,1,1,1,101
"102",1,1,4,4,0.8,0.8,0.8,0.8,1,1,2.30299999999999,0.997000000000006,1.02700000000001,2.27299999999999,0.6,0.4,0.4,0.6,0.4,0.4,0.4,0.4,1.40436368597797,1.40970346405643,0.721848204404673,0.737167318960472,-0.0136753068539635,0.569142807753125,1,1,2,0,1,1,102
"103",1,1,4,4,0.8,0.8,0.8,0.8,1,1,2.31299999999999,0.987000000000007,1.02700000000001,2.27299999999999,0.6,0.4,0.4,0.6,0.4,0.4,0.4,0.4,1.40276866761985,1.40984068352871,0.719132550023111,0.739508538166374,-0.0135309956270967,0.569224957885021,1,1,2,1,1,1,103
"104",1,1,4,4,0.8,0.8,0.8,0.8,1,1,2.31299999999999,0.987000000000007,1.01700000000001,2.28299999999999,0.6,0.4,0.4,0.6,0.4,0.4,0.4,0.4,1.40157993980985,1.40684729769815,0.721565716968424,0.7368116219137,-0.0134449970116526,0.569480032435289,1,1,2,1,1,1,104
"105",1,1,4,4,0.8,0.8,0.8,0.8,1,1,2.31299999999999,0.987000000000007,1.00700000000001,2.29299999999999,0.6,0.4,0.4,0.6,0.4,0.4,0.4,0.4,1.40192921406535,1.40527048712276,0.723878282792738,0.734095153318465,-0.0132815928415772,0.569546893587267,1,1,1,1,1,1,105
"106",1,1,4,4,0.8,0.8,0.8,0.8,1,1,2.31299999999999,0.987000000000007,1.00700000000001,2.29299999999999,0.6,0.4,0.4,0.6,0.4,0.4,0.4,0.4,1.40192921406535,1.40527048712276,0.723878282792738,0.734095153318465,-0.0132815928415772,0.569546893587267,1,1,1,0,1,1,106
"107",1,1,4,4,0.8,0.8,0.8,0.8,1,1,2.31299999999999,0.987000000000007,0.997000000000006,2.30299999999999,0.6,0.4,0.4,0.6,0.4,0.4,0.4,0.4,1.40192709896171,1.40355383594211,0.726242743205504,0.731350632879201,-0.013133822043279,0.569644492121127,1,1,1,1,1,1,107
"108",1,1,4,4,0.8,0.8,0.8,0.8,1,1,2.31299999999999,0.987000000000007,0.987000000000007,2.31299999999999,0.6,0.4,0.4,0.6,0.4,0.4,0.4,0.4,1.40206510746515,1.40194013016946,0.728629420632502,0.728687529111634,-0.0129943310459652,0.569748349112231,1,1,1,1,1,1,108
"109",1,1,4,4,0.8,0.8,0.8,0.8,1,1,2.31299999999999,0.987000000000007,0.977000000000006,2.32299999999999,0.6,0.4,0.4,0.6,0.4,0.4,0.4,0.4,1.40199993577661,1.40020309391593,0.730895975219547,0.725899473782043,-0.0128368105078449,0.569822088835775,1,1,1,1,1,1,109
"110",1,1,4,4,0.8,0.8,0.8,0.8,1,1,2.32299999999999,0.977000000000006,0.977000000000006,2.32299999999999,0.6,0.4,0.4,0.6,0.4,0.4,0.4,0.4,1.40042848095643,1.40052153066087,0.728256782513352,0.728222139085024,-0.012688313075047,0.569906068698318,1,1,1,1,1,1,110
"111",1,1,4,4,0.8,0.8,0.8,0.8,1,1,2.32299999999999,0.977000000000006,0.977000000000006,2.32299999999999,0.6,0.4,0.4,0.6,0.4,0.4,0.4,0.4,1.40042848095643,1.40052153066087,0.728256782513352,0.728222139085024,-0.012688313075047,0.569906068698318,1,1,1,0,1,1,111
"112",1,1,4,4,0.8,0.8,0.8,0.8,1,1,2.33299999999999,0.967000000000007,0.977000000000006,2.32299999999999,0.6,0.4,0.4,0.6,0.4,0.4,0.4,0.4,1.39869912830791,1.40045216559056,0.725552070541601,0.73053958662121,-0.0125461301557038,0.570005466220504,1,1,2,1,1,1,112
"113",1,1,4,4,0.8,0.8,0.8,0.8,1,1,2.33299999999999,0.967000000000007,0.977000000000006,2.32299999999999,0.6,0.4,0.4,0.6,0.4,0.4,0.4,0.4,1.39869912830791,1.40045216559056,0.725552070541601,0.73053958662121,-0.0125461301557038,0.570005466220504,1,1,1,0,1,1,113
"114",1,1,4,4,0.8,0.8,0.8,0.8,1,1,2.34299999999999,0.957000000000007,0.977000000000006,2.32299999999999,0.6,0.4,0.4,0.6,0.4,0.4,0.4,0.4,1.39716431770144,1.40059049586334,0.722886623794733,0.732854933173533,-0.0124011138138447,0.570089679919296,1,1,1,1,1,1,114
"115",1,1,4,4,0.8,0.8,0.8,0.8,1,1,2.34299999999999,0.957000000000007,0.977000000000006,2.32299999999999,0.6,0.4,0.4,0.6,0.4,0.4,0.4,0.4,1.39716431770144,1.40059049586334,0.722886623794733,0.732854933173533,-0.0124011138138447,0.570089679919296,1,1,2,0,1,1,115
"116",1,1,4,4,0.8,0.8,0.8,0.8,1,1,2.34299999999999,0.957000000000007,0.977000000000006,2.32299999999999,0.6,0.4,0.4,0.6,0.4,0.4,0.4,0.4,1.39716431770144,1.40059049586334,0.722886623794733,0.732854933173533,-0.0124011138138447,0.570089679919296,1,1,1,0,1,1,116
"117",1,1,4,4,0.8,0.8,0.8,0.8,1,1,2.34299999999999,0.957000000000007,0.967000000000007,2.33299999999999,0.6,0.4,0.4,0.6,0.4,0.4,0.4,0.4,1.39720067426013,1.39882087359523,0.725155987937005,0.730141119433444,-0.0122478634274809,0.570175340887171,1,1,2,1,1,1,117
"118",1,1,4,4,0.8,0.8,0.8,0.8,1,1,2.34299999999999,0.957000000000007,0.967000000000007,2.33299999999999,0.6,0.4,0.4,0.6,0.4,0.4,0.4,0.4,1.39720067426013,1.39882087359523,0.725155987937005,0.730141119433444,-0.0122478634274809,0.570175340887171,1,1,2,0,1,1,118
"119",1,1,4,4,0.8,0.8,0.8,0.8,1,1,2.34299999999999,0.957000000000007,0.967000000000007,2.33299999999999,0.6,0.4,0.4,0.6,0.4,0.4,0.4,0.4,1.39720067426013,1.39882087359523,0.725155987937005,0.730141119433444,-0.0122478634274809,0.570175340887171,1,1,1,0,1,1,119
"120",1,1,4,4,0.8,0.8,0.8,0.8,1,1,2.35299999999999,0.947000000000007,0.967000000000007,2.33299999999999,0.6,0.4,0.4,0.6,0.4,0.4,0.4,0.4,1.39566329462348,1.39902483761282,0.722523808953287,0.732455868912236,-0.0121054272856268,0.570262358751524,1,1,1,1,1,1,120
"121",1,1,4,4,0.8,0.8,0.8,0.8,1,1,2.35299999999999,0.947000000000007,0.957000000000007,2.34299999999999,0.6,0.4,0.4,0.6,0.4,0.4,0.4,0.4,1.39563045993535,1.39724496489302,0.724816906925522,0.729765252354427,-0.0119597237623867,0.570361313000109,1,1,2,1,1,1,121
"122",1,1,4,4,0.8,0.8,0.8,0.8,1,1,2.35299999999999,0.947000000000007,0.957000000000007,2.34299999999999,0.6,0.4,0.4,0.6,0.4,0.4,0.4,0.4,1.39563045993535,1.39724496489302,0.724816906925522,0.729765252354427,-0.0119597237623867,0.570361313000109,1,1,2,0,1,1,122
"123",1,1,4,4,0.8,0.8,0.8,0.8,1,1,2.35299999999999,0.947000000000007,0.957000000000007,2.34299999999999,0.6,0.4,0.4,0.6,0.4,0.4,0.4,0.4,1.39563045993535,1.39724496489302,0.724816906925522,0.729765252354427,-0.0119597237623867,0.570361313000109,1,1,2,0,1,1,123
"124",1,1,4,4,0.8,0.8,0.8,0.8,1,1,2.35299999999999,0.947000000000007,0.947000000000007,2.35299999999999,0.6,0.4,0.4,0.6,0.4,0.4,0.4,0.4,1.39578614144327,1.39573979991516,0.7271595462433,0.727154783768379,-0.0118200187154219,0.570459736953943,1,1,2,1,1,1,124
"125",1,1,4,4,0.8,0.8,0.8,0.8,1,1,2.35299999999999,0.947000000000007,0.947000000000007,2.35299999999999,0.6,0.4,0.4,0.6,0.4,0.4,0.4,0.4,1.39578614144327,1.39573979991516,0.7271595462433,0.727154783768379,-0.0118200187154219,0.570459736953943,1,1,2,0,1,1,125
"126",1,1,4,4,0.8,0.8,0.8,0.8,1,1,2.35299999999999,0.947000000000007,0.947000000000007,2.35299999999999,0.6,0.4,0.4,0.6,0.4,0.4,0.4,0.4,1.39578614144327,1.39573979991516,0.7271595462433,0.727154783768379,-0.0118200187154219,0.570459736953943,1,1,2,0,1,1,126
"127",1,1,4,4,0.8,0.8,0.8,0.8,1,1,2.36299999999999,0.937000000000007,0.947000000000007,2.35299999999999,0.6,0.4,0.4,0.6,0.4,0.4,0.4,0.4,1.39399663336647,1.39563886129868,0.724430863496519,0.729375376613419,-0.0116677919320088,0.570540425965965,1,1,1,1,1,1,127
"128",1,1,4,4,0.8,0.8,0.8,0.8,1,1,2.36299999999999,0.937000000000007,0.937000000000007,2.36299999999999,0.6,0.4,0.4,0.6,0.4,0.4,0.4,0.4,1.39423724576962,1.3942137445032,0.72675251482578,0.726734420705953,-0.0115189194999673,0.570619847749441,1,1,1,1,1,1,128
"129",1,1,4,4,0.8,0.8,0.8,0.8,1,1,2.37299999999999,0.927000000000008,0.937000000000007,2.36299999999999,0.6,0.4,0.4,0.6,0.4,0.4,0.4,0.4,1.39250678273536,1.39411057810959,0.724059735340136,0.728987284592894,-0.0113734494227908,0.570710548578322,1,1,2,1,1,1,129
"130",1,1,4,4,0.8,0.8,0.8,0.8,1,1,2.37299999999999,0.927000000000008,0.937000000000007,2.36299999999999,0.6,0.4,0.4,0.6,0.4,0.4,0.4,0.4,1.39250678273536,1.39411057810959,0.724059735340136,0.728987284592894,-0.0113734494227908,0.570710548578322,1,1,1,0,1,1,130
"131",1,1,4,4,0.8,0.8,0.8,0.8,1,1,2.37299999999999,0.927000000000008,0.937000000000007,2.36299999999999,0.6,0.4,0.4,0.6,0.4,0.4,0.4,0.4,1.39250678273536,1.39411057810959,0.724059735340136,0.728987284592894,-0.0113734494227908,0.570710548578322,1,1,1,0,1,1,131
"132",1,1,4,4,0.8,0.8,0.8,0.8,1,1,2.37299999999999,0.927000000000008,0.937000000000007,2.36299999999999,0.6,0.4,0.4,0.6,0.4,0.4,0.4,0.4,1.39250678273536,1.39411057810959,0.724059735340136,0.728987284592894,-0.0113734494227908,0.570710548578322,1,1,1,0,1,1,132
"133",1,1,4,4,0.8,0.8,0.8,0.8,1,1,2.37299999999999,0.927000000000008,0.937000000000007,2.36299999999999,0.6,0.4,0.4,0.6,0.4,0.4,0.4,0.4,1.39250678273536,1.39411057810959,0.724059735340136,0.728987284592894,-0.0113734494227908,0.570710548578322,1,1,2,0,1,1,133
"134",1,1,4,4,0.8,0.8,0.8,0.8,1,1,2.37299999999999,0.927000000000008,0.927000000000008,2.37299999999999,0.6,0.4,0.4,0.6,0.4,0.4,0.4,0.4,1.39266819032778,1.39266218715975,0.726396945894862,0.72636858419058,-0.0112315721771412,0.570802795535035,1,1,2,1,1,1,134
"135",1,1,4,4,0.8,0.8,0.8,0.8,1,1,2.37299999999999,0.927000000000008,0.917000000000008,2.38299999999999,0.6,0.4,0.4,0.6,0.4,0.4,0.4,0.4,1.39251810384564,1.39094685181071,0.728591020949067,0.723683071126055,-0.0110815117812804,0.570885103040901,1,1,1,1,1,1,135
"136",1,1,4,4,0.8,0.8,0.8,0.8,1,1,2.37299999999999,0.927000000000008,0.907000000000008,2.39299999999999,0.6,0.4,0.4,0.6,0.4,0.4,0.4,0.4,1.39272124642483,1.38958393194312,0.730855777104508,0.721092334833227,-0.0109354580195153,0.570960814415073,1,1,1,1,1,1,136
"137",1,1,4,4,0.8,0.8,0.8,0.8,1,1,2.37299999999999,0.927000000000008,0.907000000000008,2.39299999999999,0.6,0.4,0.4,0.6,0.4,0.4,0.4,0.4,1.39272124642483,1.38958393194312,0.730855777104508,0.721092334833227,-0.0109354580195153,0.570960814415073,1,1,1,0,1,1,137
"138",1,1,4,4,0.8,0.8,0.8,0.8,1,1,2.37299999999999,0.927000000000008,0.897000000000008,2.40299999999999,0.6,0.4,0.4,0.6,0.4,0.4,0.4,0.4,1.39260635312236,1.38793604981096,0.733050697258805,0.718463674343084,-0.0107932887709532,0.57104774473114,1,1,1,1,1,1,138
"139",1,1,4,4,0.8,0.8,0.8,0.8,1,1,2.37299999999999,0.927000000000008,0.897000000000008,2.40299999999999,0.6,0.4,0.4,0.6,0.4,0.4,0.4,0.4,1.39260635312236,1.38793604981096,0.733050697258805,0.718463674343084,-0.0107932887709532,0.57104774473114,1,1,1,0,1,1,139
"140",1,1,4,4,0.8,0.8,0.8,0.8,1,1,2.37299999999999,0.927000000000008,0.897000000000008,2.40299999999999,0.6,0.4,0.4,0.6,0.4,0.4,0.4,0.4,1.39260635312236,1.38793604981096,0.733050697258805,0.718463674343084,-0.0107932887709532,0.57104774473114,1,1,1,0,1,1,140
"141",1,1,4,4,0.8,0.8,0.8,0.8,1,1,2.38299999999999,0.917000000000008,0.897000000000008,2.40299999999999,0.6,0.4,0.4,0.6,0.4,0.4,0.4,0.4,1.39116264990213,1.38802448588561,0.730461823226162,0.720829249496439,-0.0106569431686671,0.57115583736635,1,1,2,1,1,1,141
"142",1,1,4,4,0.8,0.8,0.8,0.8,1,1,2.38299999999999,0.917000000000008,0.887000000000008,2.41299999999999,0.6,0.4,0.4,0.6,0.4,0.4,0.4,0.4,1.39097097786539,1.38636671851306,0.732637381751725,0.718123177244533,-0.0105063179891604,0.571228533097279,1,1,2,1,1,1,142
"143",1,1,4,4,0.8,0.8,0.8,0.8,1,1,2.38299999999999,0.917000000000008,0.877000000000009,2.42299999999999,0.6,0.4,0.4,0.6,0.4,0.4,0.4,0.4,1.39122878246367,1.38510728506481,0.734939145261711,0.71563761903123,-0.0103764271664079,0.571322338823049,1,1,2,1,1,1,143
"144",1,1,4,4,0.8,0.8,0.8,0.8,1,1,2.38299999999999,0.917000000000008,0.877000000000009,2.42299999999999,0.6,0.4,0.4,0.6,0.4,0.4,0.4,0.4,1.39122878246367,1.38510728506481,0.734939145261711,0.71563761903123,-0.0103764271664079,0.571322338823049,1,1,1,0,1,1,144
"145",1,1,4,4,0.8,0.8,0.8,0.8,1,1,2.39299999999999,0.907000000000008,0.877000000000009,2.42299999999999,0.6,0.4,0.4,0.6,0.4,0.4,0.4,0.4,1.38936234669419,1.38477759617235,0.732221392411016,0.717824573141162,-0.010224568893056,0.571416452824368,1,1,1,1,1,1,145
"146",1,1,4,4,0.8,0.8,0.8,0.8,1,1,2.39299999999999,0.907000000000008,0.877000000000009,2.42299999999999,0.6,0.4,0.4,0.6,0.4,0.4,0.4,0.4,1.38936234669419,1.38477759617235,0.732221392411016,0.717824573141162,-0.010224568893056,0.571416452824368,1,1,1,0,1,1,146
"147",1,1,4,4,0.8,0.8,0.8,0.8,1,1,2.39299999999999,0.907000000000008,0.867000000000009,2.43299999999999,0.6,0.4,0.4,0.6,0.4,0.4,0.4,0.4,1.38959836372748,1.38356531683547,0.734486579404142,0.715284126316255,-0.0100839589783059,0.571490958542115,1,1,1,1,1,1,147
"148",1,1,4,4,0.8,0.8,0.8,0.8,1,1,2.39299999999999,0.907000000000008,0.867000000000009,2.43299999999999,0.6,0.4,0.4,0.6,0.4,0.4,0.4,0.4,1.38959836372748,1.38356531683547,0.734486579404142,0.715284126316255,-0.0100839589783059,0.571490958542115,1,1,2,0,1,1,148
"149",1,1,4,4,0.8,0.8,0.8,0.8,1,1,2.40299999999999,0.897000000000008,0.867000000000009,2.43299999999999,0.6,0.4,0.4,0.6,0.4,0.4,0.4,0.4,1.3878456959062,1.38325929604323,0.731799951536125,0.717527905445913,-0.00993934699827631,0.571594675534036,1,1,1,1,1,1,149
"150",1,1,4,4,0.8,0.8,0.8,0.8,1,1,2.40299999999999,0.897000000000008,0.867000000000009,2.43299999999999,0.6,0.4,0.4,0.6,0.4,0.4,0.4,0.4,1.3878456959062,1.38325929604323,0.731799951536125,0.717527905445913,-0.00993934699827631,0.571594675534036,1,1,2,0,1,1,150
"151",1,1,4,4,0.8,0.8,0.8,0.8,1,1,2.40299999999999,0.897000000000008,0.867000000000009,2.43299999999999,0.6,0.4,0.4,0.6,0.4,0.4,0.4,0.4,1.3878456959062,1.38325929604323,0.731799951536125,0.717527905445913,-0.00993934699827631,0.571594675534036,1,1,1,0,1,1,151
"152",1,1,4,4,0.8,0.8,0.8,0.8,1,1,2.40299999999999,0.897000000000008,0.867000000000009,2.43299999999999,0.6,0.4,0.4,0.6,0.4,0.4,0.4,0.4,1.3878456959062,1.38325929604323,0.731799951536125,0.717527905445913,-0.00993934699827631,0.571594675534036,1,1,1,0,1,1,152
"153",1,1,4,4,0.8,0.8,0.8,0.8,1,1,2.40299999999999,0.897000000000008,0.867000000000009,2.43299999999999,0.6,0.4,0.4,0.6,0.4,0.4,0.4,0.4,1.3878456959062,1.38325929604323,0.731799951536125,0.717527905445913,-0.00993934699827631,0.571594675534036,1,1,1,0,1,1,153
"154",1,1,4,4,0.8,0.8,0.8,0.8,1,1,2.40299999999999,0.897000000000008,0.867000000000009,2.43299999999999,0.6,0.4,0.4,0.6,0.4,0.4,0.4,0.4,1.3878456959062,1.38325929604323,0.731799951536125,0.717527905445913,-0.00993934699827631,0.571594675534036,1,1,1,0,1,1,154
"155",1,1,4,4,0.8,0.8,0.8,0.8,1,1,2.41299999999999,0.887000000000008,0.867000000000009,2.43299999999999,0.6,0.4,0.4,0.6,0.4,0.4,0.4,0.4,1.38644990896013,1.38338722910761,0.729181689282719,0.719714625734459,-0.00977867955907859,0.571657150205252,1,1,2,1,1,1,155
"156",1,1,4,4,0.8,0.8,0.8,0.8,1,1,2.42299999999999,0.877000000000009,0.867000000000009,2.43299999999999,0.6,0.4,0.4,0.6,0.4,0.4,0.4,0.4,1.38490171368799,1.38335186525073,0.726573236128247,0.721866358207971,-0.00962470151907703,0.571731356337309,1,1,2,1,1,1,156
"157",1,1,4,4,0.8,0.8,0.8,0.8,1,1,2.42299999999999,0.877000000000009,0.857000000000009,2.44299999999999,0.6,0.4,0.4,0.6,0.4,0.4,0.4,0.4,1.38575712053317,1.38265172893407,0.728905649676654,0.719361265607429,-0.00946540798461092,0.57176531341691,1,1,1,1,1,1,157
"158",1,1,4,4,0.8,0.8,0.8,0.8,1,1,2.42299999999999,0.877000000000009,0.857000000000009,2.44299999999999,0.6,0.4,0.4,0.6,0.4,0.4,0.4,0.4,1.38575712053317,1.38265172893407,0.728905649676654,0.719361265607429,-0.00946540798461092,0.57176531341691,1,1,1,0,1,1,158
"159",1,1,4,4,0.8,0.8,0.8,0.8,1,1,2.42299999999999,0.877000000000009,0.857000000000009,2.44299999999999,0.6,0.4,0.4,0.6,0.4,0.4,0.4,0.4,1.38575712053317,1.38265172893407,0.728905649676654,0.719361265607429,-0.00946540798461092,0.57176531341691,1,1,1,0,1,1,159
"160",1,1,4,4,0.8,0.8,0.8,0.8,1,1,2.42299999999999,0.877000000000009,0.857000000000009,2.44299999999999,0.6,0.4,0.4,0.6,0.4,0.4,0.4,0.4,1.38575712053317,1.38265172893407,0.728905649676654,0.719361265607429,-0.00946540798461092,0.57176531341691,1,1,2,0,1,1,160
"161",1,1,4,4,0.8,0.8,0.8,0.8,1,1,2.42299999999999,0.877000000000009,0.857000000000009,2.44299999999999,0.6,0.4,0.4,0.6,0.4,0.4,0.4,0.4,1.38575712053317,1.38265172893407,0.728905649676654,0.719361265607429,-0.00946540798461092,0.57176531341691,1,1,2,0,1,1,161
"162",1,1,4,4,0.8,0.8,0.8,0.8,1,1,2.43299999999999,0.867000000000009,0.857000000000009,2.44299999999999,0.6,0.4,0.4,0.6,0.4,0.4,0.4,0.4,1.38318917051881,1.38171361592405,0.726261527759098,0.721540820425621,-0.00935797975022437,0.571942158476673,1,1,2,1,1,1,162
"163",1,1,4,4,0.8,0.8,0.8,0.8,1,1,2.43299999999999,0.867000000000009,0.857000000000009,2.44299999999999,0.6,0.4,0.4,0.6,0.4,0.4,0.4,0.4,1.38318917051881,1.38171361592405,0.726261527759098,0.721540820425621,-0.00935797975022437,0.571942158476673,1,1,1,0,1,1,163
"164",1,1,4,4,0.8,0.8,0.8,0.8,1,1,2.44299999999999,0.857000000000009,0.857000000000009,2.44299999999999,0.6,0.4,0.4,0.6,0.4,0.4,0.4,0.4,1.38191874079025,1.38183745231669,0.723728798174286,0.723797564897663,-0.00921594757671912,0.57202743987629,1,1,1,1,1,1,164
"165",1,1,4,4,0.8,0.8,0.8,0.8,1,1,2.44299999999999,0.857000000000009,0.857000000000009,2.44299999999999,0.6,0.4,0.4,0.6,0.4,0.4,0.4,0.4,1.38191874079025,1.38183745231669,0.723728798174286,0.723797564897663,-0.00921594757671912,0.57202743987629,1,1,1,0,1,1,165
"166",1,1,4,4,0.8,0.8,0.8,0.8,1,1,2.44299999999999,0.857000000000009,0.857000000000009,2.44299999999999,0.6,0.4,0.4,0.6,0.4,0.4,0.4,0.4,1.38191874079025,1.38183745231669,0.723728798174286,0.723797564897663,-0.00921594757671912,0.57202743987629,1,1,1,0,1,1,166
"167",1,1,4,4,0.8,0.8,0.8,0.8,1,1,2.44299999999999,0.857000000000009,0.847000000000009,2.45299999999999,0.6,0.4,0.4,0.6,0.4,0.4,0.4,0.4,1.3828163086218,1.38136150907461,0.725840089182995,0.721148042783247,-0.00900732338433721,0.571975801861266,1,1,2,1,1,1,167
"168",1,1,4,4,0.8,0.8,0.8,0.8,1,1,2.44299999999999,0.857000000000009,0.847000000000009,2.45299999999999,0.6,0.4,0.4,0.6,0.4,0.4,0.4,0.4,1.3828163086218,1.38136150907461,0.725840089182995,0.721148042783247,-0.00900732338433721,0.571975801861266,1,1,1,0,1,1,168
"169",1,1,4,4,0.8,0.8,0.8,0.8,1,1,2.45299999999999,0.847000000000009,0.847000000000009,2.45299999999999,0.6,0.4,0.4,0.6,0.4,0.4,0.4,0.4,1.3813941847889,1.38139418478908,0.723272051527073,0.723272051526952,-0.00885247252328625,0.572041210025028,1,1,2,1,1,1,169
"170",1,1,4,4,0.8,0.8,0.8,0.8,1,1,2.45299999999999,0.847000000000009,0.847000000000009,2.45299999999999,0.6,0.4,0.4,0.6,0.4,0.4,0.4,0.4,1.3813941847889,1.38139418478908,0.723272051527073,0.723272051526952,-0.00885247252328625,0.572041210025028,1,1,1,0,1,1,170
"171",1,1,4,4,0.8,0.8,0.8,0.8,1,1,2.45299999999999,0.847000000000009,0.847000000000009,2.45299999999999,0.6,0.4,0.4,0.6,0.4,0.4,0.4,0.4,1.3813941847889,1.38139418478908,0.723272051527073,0.723272051526952,-0.00885247252328625,0.572041210025028,1,1,1,0,1,1,171
"172",1,1,4,4,0.8,0.8,0.8,0.8,1,1,2.46299999999999,0.83700000000001,0.847000000000009,2.45299999999999,0.6,0.4,0.4,0.6,0.4,0.4,0.4,0.4,1.37864945812397,1.38009158431409,0.72078631994768,0.725455097296775,-0.0087815616560992,0.572277991088911,1,1,2,1,1,1,172
"173",1,1,4,4,0.8,0.8,0.8,0.8,1,1,2.46299999999999,0.83700000000001,0.847000000000009,2.45299999999999,0.6,0.4,0.4,0.6,0.4,0.4,0.4,0.4,1.37864945812397,1.38009158431409,0.72078631994768,0.725455097296775,-0.0087815616560992,0.572277991088911,1,1,1,0,1,1,173
"174",1,1,4,4,0.8,0.8,0.8,0.8,1,1,2.46299999999999,0.83700000000001,0.83700000000001,2.46299999999999,0.6,0.4,0.4,0.6,0.4,0.4,0.4,0.4,1.37880986386144,1.37890518373627,0.723001392213939,0.722939016086877,-0.00863440301470565,0.572351710413936,1,1,1,1,1,1,174
"175",1,1,4,4,0.8,0.8,0.8,0.8,1,1,2.46299999999999,0.83700000000001,0.83700000000001,2.46299999999999,0.6,0.4,0.4,0.6,0.4,0.4,0.4,0.4,1.37880986386144,1.37890518373627,0.723001392213939,0.722939016086877,-0.00863440301470565,0.572351710413936,1,1,1,0,1,1,175
"176",1,1,4,4,0.8,0.8,0.8,0.8,1,1,2.46299999999999,0.83700000000001,0.83700000000001,2.46299999999999,0.6,0.4,0.4,0.6,0.4,0.4,0.4,0.4,1.37880986386144,1.37890518373627,0.723001392213939,0.722939016086877,-0.00863440301470565,0.572351710413936,1,1,1,0,1,1,176
"177",1,1,4,4,0.8,0.8,0.8,0.8,1,1,2.46299999999999,0.83700000000001,0.83700000000001,2.46299999999999,0.6,0.4,0.4,0.6,0.4,0.4,0.4,0.4,1.37880986386144,1.37890518373627,0.723001392213939,0.722939016086877,-0.00863440301470565,0.572351710413936,1,1,2,0,1,1,177
"178",1,1,4,4,0.8,0.8,0.8,0.8,1,1,2.46299999999999,0.83700000000001,0.83700000000001,2.46299999999999,0.6,0.4,0.4,0.6,0.4,0.4,0.4,0.4,1.37880986386144,1.37890518373627,0.723001392213939,0.722939016086877,-0.00863440301470565,0.572351710413936,1,1,2,0,1,1,178
"179",1,1,4,4,0.8,0.8,0.8,0.8,1,1,2.46299999999999,0.83700000000001,0.83700000000001,2.46299999999999,0.6,0.4,0.4,0.6,0.4,0.4,0.4,0.4,1.37880986386144,1.37890518373627,0.723001392213939,0.722939016086877,-0.00863440301470565,0.572351710413936,1,1,1,0,1,1,179
"180",1,1,4,4,0.8,0.8,0.8,0.8,1,1,2.46299999999999,0.83700000000001,0.82700000000001,2.47299999999999,0.6,0.4,0.4,0.6,0.4,0.4,0.4,0.4,1.37971560374669,1.37828891085101,0.725065167820937,0.720427093498153,-0.00843925713941449,0.572324689744455,1,1,1,1,1,1,180
"181",1,1,4,4,0.8,0.8,0.8,0.8,1,1,2.47299999999999,0.82700000000001,0.82700000000001,2.47299999999999,0.6,0.4,0.4,0.6,0.4,0.4,0.4,0.4,1.37704747585549,1.37704747585544,0.722573841638786,0.722573841638821,-0.00836000980588586,0.572546090054182,1,1,2,1,1,1,181
"182",1,1,4,4,0.8,0.8,0.8,0.8,1,1,2.47299999999999,0.82700000000001,0.82700000000001,2.47299999999999,0.6,0.4,0.4,0.6,0.4,0.4,0.4,0.4,1.37704747585549,1.37704747585544,0.722573841638786,0.722573841638821,-0.00836000980588586,0.572546090054182,1,1,2,0,1,1,182
"183",1,1,4,4,0.8,0.8,0.8,0.8,1,1,2.48299999999999,0.81700000000001,0.82700000000001,2.47299999999999,0.6,0.4,0.4,0.6,0.4,0.4,0.4,0.4,1.37588977691542,1.37719782122139,0.720038268204965,0.724712781530543,-0.00820353813542188,0.572599450135995,1,1,1,1,1,1,183
"184",1,1,4,4,0.8,0.8,0.8,0.8,1,1,2.48299999999999,0.81700000000001,0.81700000000001,2.48299999999999,0.6,0.4,0.4,0.6,0.4,0.4,0.4,0.4,1.37567154570465,1.37574320283353,0.722161936995673,0.722135128292532,-0.00805612962185004,0.572677974515851,1,1,2,1,1,1,184
"185",1,1,4,4,0.8,0.8,0.8,0.8,1,1,2.48299999999999,0.81700000000001,0.81700000000001,2.48299999999999,0.6,0.4,0.4,0.6,0.4,0.4,0.4,0.4,1.37567154570465,1.37574320283353,0.722161936995673,0.722135128292532,-0.00805612962185004,0.572677974515851,1,1,2,0,1,1,185
"186",1,1,4,4,0.8,0.8,0.8,0.8,1,1,2.48299999999999,0.81700000000001,0.81700000000001,2.48299999999999,0.6,0.4,0.4,0.6,0.4,0.4,0.4,0.4,1.37567154570465,1.37574320283353,0.722161936995673,0.722135128292532,-0.00805612962185004,0.572677974515851,1,1,1,0,1,1,186
"187",1,1,4,4,0.8,0.8,0.8,0.8,1,1,2.49299999999999,0.80700000000001,0.81700000000001,2.48299999999999,0.6,0.4,0.4,0.6,0.4,0.4,0.4,0.4,1.3751381710805,1.37654562826246,0.719635082536753,0.724410484009152,-0.0078838686545033,0.572690599254166,1,1,1,1,1,1,187
"188",1,1,4,4,0.8,0.8,0.8,0.8,1,1,2.49299999999999,0.80700000000001,0.81700000000001,2.48299999999999,0.6,0.4,0.4,0.6,0.4,0.4,0.4,0.4,1.3751381710805,1.37654562826246,0.719635082536753,0.724410484009152,-0.0078838686545033,0.572690599254166,1,1,1,0,1,1,188
"189",1,1,4,4,0.8,0.8,0.8,0.8,1,1,2.49299999999999,0.80700000000001,0.81700000000001,2.48299999999999,0.6,0.4,0.4,0.6,0.4,0.4,0.4,0.4,1.3751381710805,1.37654562826246,0.719635082536753,0.724410484009152,-0.0078838686545033,0.572690599254166,1,1,2,0,1,1,189
"190",1,1,4,4,0.8,0.8,0.8,0.8,1,1,2.50299999999999,0.79700000000001,0.81700000000001,2.48299999999999,0.6,0.4,0.4,0.6,0.4,0.4,0.4,0.4,1.37402021426897,1.37679442257453,0.717215794633402,0.726373206818239,-0.00771895920978789,0.57272408466712,1,1,1,1,1,1,190
"191",1,1,4,4,0.8,0.8,0.8,0.8,1,1,2.50299999999999,0.79700000000001,0.81700000000001,2.48299999999999,0.6,0.4,0.4,0.6,0.4,0.4,0.4,0.4,1.37402021426897,1.37679442257453,0.717215794633402,0.726373206818239,-0.00771895920978789,0.57272408466712,1,1,1,0,1,1,191
"192",1,1,4,4,0.8,0.8,0.8,0.8,1,1,2.50299999999999,0.79700000000001,0.81700000000001,2.48299999999999,0.6,0.4,0.4,0.6,0.4,0.4,0.4,0.4,1.37402021426897,1.37679442257453,0.717215794633402,0.726373206818239,-0.00771895920978789,0.57272408466712,1,1,1,0,1,1,192
"193",1,1,4,4,0.8,0.8,0.8,0.8,1,1,2.50299999999999,0.79700000000001,0.81700000000001,2.48299999999999,0.6,0.4,0.4,0.6,0.4,0.4,0.4,0.4,1.37402021426897,1.37679442257453,0.717215794633402,0.726373206818239,-0.00771895920978789,0.57272408466712,1,1,1,0,1,1,193
"194",1,1,4,4,0.8,0.8,0.8,0.8,1,1,2.50299999999999,0.79700000000001,0.81700000000001,2.48299999999999,0.6,0.4,0.4,0.6,0.4,0.4,0.4,0.4,1.37402021426897,1.37679442257453,0.717215794633402,0.726373206818239,-0.00771895920978789,0.57272408466712,1,1,1,0,1,1,194
"195",1,1,4,4,0.8,0.8,0.8,0.8,1,1,2.50299999999999,0.79700000000001,0.81700000000001,2.48299999999999,0.6,0.4,0.4,0.6,0.4,0.4,0.4,0.4,1.37402021426897,1.37679442257453,0.717215794633402,0.726373206818239,-0.00771895920978789,0.57272408466712,1,1,2,0,1,1,195
"196",1,1,4,4,0.8,0.8,0.8,0.8,1,1,2.50299999999999,0.79700000000001,0.81700000000001,2.48299999999999,0.6,0.4,0.4,0.6,0.4,0.4,0.4,0.4,1.37402021426897,1.37679442257453,0.717215794633402,0.726373206818239,-0.00771895920978789,0.57272408466712,1,1,1,0,1,1,196
"197",1,1,4,4,0.8,0.8,0.8,0.8,1,1,2.50299999999999,0.79700000000001,0.81700000000001,2.48299999999999,0.6,0.4,0.4,0.6,0.4,0.4,0.4,0.4,1.37402021426897,1.37679442257453,0.717215794633402,0.726373206818239,-0.00771895920978789,0.57272408466712,1,1,2,0,1,1,197
"198",1,1,4,4,0.8,0.8,0.8,0.8,1,1,2.51299999999999,0.787000000000011,0.81700000000001,2.48299999999999,0.6,0.4,0.4,0.6,0.4,0.4,0.4,0.4,1.37127723622278,1.37541517790991,0.714760776040738,0.728459203275029,-0.0076490819659993,0.572950672242459,1,1,1,1,1,1,198
"199",1,1,4,4,0.8,0.8,0.8,0.8,1,1,2.52299999999999,0.777000000000011,0.81700000000001,2.48299999999999,0.6,0.4,0.4,0.6,0.4,0.4,0.4,0.4,1.37023128164486,1.37558672179476,0.712374375234427,0.730661266925009,-0.00751845622819191,0.573037173002858,1,1,1,1,1,1,199
"200",1,1,4,4,0.8,0.8,0.8,0.8,1,1,2.52299999999999,0.777000000000011,0.81700000000001,2.48299999999999,0.6,0.4,0.4,0.6,0.4,0.4,0.4,0.4,1.37023128164486,1.37558672179476,0.712374375234427,0.730661266925009,-0.00751845622819191,0.573037173002858,1,1,2,0,1,1,200
"201",1,1,4,4,0.8,0.8,0.8,0.8,1,1,2.52299999999999,0.777000000000011,0.81700000000001,2.48299999999999,0.6,0.4,0.4,0.6,0.4,0.4,0.4,0.4,1.37023128164486,1.37558672179476,0.712374375234427,0.730661266925009,-0.00751845622819191,0.573037173002858,1,1,1,0,1,1,201
"202",1,1,4,4,0.8,0.8,0.8,0.8,1,1,2.52299999999999,0.777000000000011,0.81700000000001,2.48299999999999,0.6,0.4,0.4,0.6,0.4,0.4,0.4,0.4,1.37023128164486,1.37558672179476,0.712374375234427,0.730661266925009,-0.00751845622819191,0.573037173002858,1,1,2,0,1,1,202
"203",1,1,4,4,0.8,0.8,0.8,0.8,1,1,2.52299999999999,0.777000000000011,0.81700000000001,2.48299999999999,0.6,0.4,0.4,0.6,0.4,0.4,0.4,0.4,1.37023128164486,1.37558672179476,0.712374375234427,0.730661266925009,-0.00751845622819191,0.573037173002858,1,1,2,0,1,1,203
"204",1,1,4,4,0.8,0.8,0.8,0.8,1,1,2.52299999999999,0.777000000000011,0.80700000000001,2.49299999999999,0.6,0.4,0.4,0.6,0.4,0.4,0.4,0.4,1.3709424979104,1.37503623448921,0.714450292251721,0.728072520388179,-0.00731346128284062,0.573005730157982,1,1,1,1,1,1,204
"205",1,1,4,4,0.8,0.8,0.8,0.8,1,1,2.52299999999999,0.777000000000011,0.80700000000001,2.49299999999999,0.6,0.4,0.4,0.6,0.4,0.4,0.4,0.4,1.3709424979104,1.37503623448921,0.714450292251721,0.728072520388179,-0.00731346128284062,0.573005730157982,1,1,1,0,1,1,205
"206",1,1,4,4,0.8,0.8,0.8,0.8,1,1,2.52299999999999,0.777000000000011,0.80700000000001,2.49299999999999,0.6,0.4,0.4,0.6,0.4,0.4,0.4,0.4,1.3709424979104,1.37503623448921,0.714450292251721,0.728072520388179,-0.00731346128284062,0.573005730157982,1,1,1,0,1,1,206
"207",1,1,4,4,0.8,0.8,0.8,0.8,1,1,2.53299999999999,0.767000000000011,0.80700000000001,2.49299999999999,0.6,0.4,0.4,0.6,0.4,0.4,0.4,0.4,1.36964522918796,1.37507417941015,0.711985456588334,0.730097049454383,-0.00716391800378388,0.573062563438958,1,1,2,1,1,1,207
"208",1,1,4,4,0.8,0.8,0.8,0.8,1,1,2.53299999999999,0.767000000000011,0.80700000000001,2.49299999999999,0.6,0.4,0.4,0.6,0.4,0.4,0.4,0.4,1.36964522918796,1.37507417941015,0.711985456588334,0.730097049454383,-0.00716391800378388,0.573062563438958,1,1,1,0,1,1,208
"209",1,1,4,4,0.8,0.8,0.8,0.8,1,1,2.53299999999999,0.767000000000011,0.80700000000001,2.49299999999999,0.6,0.4,0.4,0.6,0.4,0.4,0.4,0.4,1.36964522918796,1.37507417941015,0.711985456588334,0.730097049454383,-0.00716391800378388,0.573062563438958,1,1,1,0,1,1,209
"210",1,1,4,4,0.8,0.8,0.8,0.8,1,1,2.54299999999999,0.757000000000011,0.80700000000001,2.49299999999999,0.6,0.4,0.4,0.6,0.4,0.4,0.4,0.4,1.36693084056607,1.3736797489426,0.709600688883988,0.732178866852667,-0.0071059757675507,0.573300450194127,1,1,2,1,1,1,210
"211",1,1,4,4,0.8,0.8,0.8,0.8,1,1,2.54299999999999,0.757000000000011,0.79700000000001,2.50299999999999,0.6,0.4,0.4,0.6,0.4,0.4,0.4,0.4,1.36704676308889,1.37252592710864,0.711694416239033,0.729671173489639,-0.00694228203547691,0.573353800257393,1,1,1,1,1,1,211
"212",1,1,4,4,0.8,0.8,0.8,0.8,1,1,2.54299999999999,0.757000000000011,0.79700000000001,2.50299999999999,0.6,0.4,0.4,0.6,0.4,0.4,0.4,0.4,1.36704676308889,1.37252592710864,0.711694416239033,0.729671173489639,-0.00694228203547691,0.573353800257393,1,1,1,0,1,1,212
"213",1,1,4,4,0.8,0.8,0.8,0.8,1,1,2.54299999999999,0.757000000000011,0.787000000000011,2.51299999999999,0.6,0.4,0.4,0.6,0.4,0.4,0.4,0.4,1.3669089400027,1.37097516137861,0.713711960411753,0.727178268958357,-0.00679024623641715,0.573429824386098,1,1,2,1,1,1,213
"214",1,1,4,4,0.8,0.8,0.8,0.8,1,1,2.54299999999999,0.757000000000011,0.787000000000011,2.51299999999999,0.6,0.4,0.4,0.6,0.4,0.4,0.4,0.4,1.3669089400027,1.37097516137861,0.713711960411753,0.727178268958357,-0.00679024623641715,0.573429824386098,1,1,2,0,1,1,214
"215",1,1,4,4,0.8,0.8,0.8,0.8,1,1,2.54299999999999,0.757000000000011,0.787000000000011,2.51299999999999,0.6,0.4,0.4,0.6,0.4,0.4,0.4,0.4,1.3669089400027,1.37097516137861,0.713711960411753,0.727178268958357,-0.00679024623641715,0.573429824386098,1,1,1,0,1,1,215
"216",1,1,4,4,0.8,0.8,0.8,0.8,1,1,2.54299999999999,0.757000000000011,0.777000000000011,2.52299999999999,0.6,0.4,0.4,0.6,0.4,0.4,0.4,0.4,1.36767924014306,1.37047468872462,0.715969166545779,0.724676527650802,-0.00661473645760306,0.573444837803367,1,1,1,1,1,1,216
"217",1,1,4,4,0.8,0.8,0.8,0.8,1,1,2.54299999999999,0.757000000000011,0.777000000000011,2.52299999999999,0.6,0.4,0.4,0.6,0.4,0.4,0.4,0.4,1.36767924014306,1.37047468872462,0.715969166545779,0.724676527650802,-0.00661473645760306,0.573444837803367,1,1,1,0,1,1,217
"218",1,1,4,4,0.8,0.8,0.8,0.8,1,1,2.54299999999999,0.757000000000011,0.777000000000011,2.52299999999999,0.6,0.4,0.4,0.6,0.4,0.4,0.4,0.4,1.36767924014306,1.37047468872462,0.715969166545779,0.724676527650802,-0.00661473645760306,0.573444837803367,1,1,1,0,1,1,218
"219",1,1,4,4,0.8,0.8,0.8,0.8,1,1,2.55299999999999,0.747000000000012,0.777000000000011,2.52299999999999,0.6,0.4,0.4,0.6,0.4,0.4,0.4,0.4,1.36534600148763,1.36930988202678,0.713416864444135,0.72681268814029,-0.0065264750257211,0.573627922624609,1,1,1,1,1,1,219
"220",1,1,4,4,0.8,0.8,0.8,0.8,1,1,2.55299999999999,0.747000000000012,0.777000000000011,2.52299999999999,0.6,0.4,0.4,0.6,0.4,0.4,0.4,0.4,1.36534600148763,1.36930988202678,0.713416864444135,0.72681268814029,-0.0065264750257211,0.573627922624609,1,1,1,0,1,1,220
"221",1,1,4,4,0.8,0.8,0.8,0.8,1,1,2.55299999999999,0.747000000000012,0.777000000000011,2.52299999999999,0.6,0.4,0.4,0.6,0.4,0.4,0.4,0.4,1.36534600148763,1.36930988202678,0.713416864444135,0.72681268814029,-0.0065264750257211,0.573627922624609,1,1,1,0,1,1,221
"222",1,1,4,4,0.8,0.8,0.8,0.8,1,1,2.56299999999999,0.737000000000012,0.777000000000011,2.52299999999999,0.6,0.4,0.4,0.6,0.4,0.4,0.4,0.4,1.36503207199976,1.37020783229825,0.7109276524771,0.729015313217526,-0.00634624752583142,0.573615029770368,1,1,1,1,1,1,222
"223",1,1,4,4,0.8,0.8,0.8,0.8,1,1,2.56299999999999,0.737000000000012,0.777000000000011,2.52299999999999,0.6,0.4,0.4,0.6,0.4,0.4,0.4,0.4,1.36503207199976,1.37020783229825,0.7109276524771,0.729015313217526,-0.00634624752583142,0.573615029770368,1,1,1,0,1,1,223
"224",1,1,4,4,0.8,0.8,0.8,0.8,1,1,2.56299999999999,0.737000000000012,0.767000000000011,2.53299999999999,0.6,0.4,0.4,0.6,0.4,0.4,0.4,0.4,1.36386854765696,1.36779095807089,0.713069542945989,0.726390473973364,-0.00624500238053236,0.573791782173648,1,1,2,1,1,1,224
"225",1,1,4,4,0.8,0.8,0.8,0.8,1,1,2.56299999999999,0.737000000000012,0.767000000000011,2.53299999999999,0.6,0.4,0.4,0.6,0.4,0.4,0.4,0.4,1.36386854765696,1.36779095807089,0.713069542945989,0.726390473973364,-0.00624500238053236,0.573791782173648,1,1,1,0,1,1,225
"226",1,1,4,4,0.8,0.8,0.8,0.8,1,1,2.56299999999999,0.737000000000012,0.767000000000011,2.53299999999999,0.6,0.4,0.4,0.6,0.4,0.4,0.4,0.4,1.36386854765696,1.36779095807089,0.713069542945989,0.726390473973364,-0.00624500238053236,0.573791782173648,1,1,1,0,1,1,226
"227",1,1,4,4,0.8,0.8,0.8,0.8,1,1,2.56299999999999,0.737000000000012,0.757000000000011,2.54299999999999,0.6,0.4,0.4,0.6,0.4,0.4,0.4,0.4,1.36391855082783,1.36662148273467,0.715141701069805,0.723982795271023,-0.00609646226776714,0.57386395711283,1,1,1,1,1,1,227
"228",1,1,4,4,0.8,0.8,0.8,0.8,1,1,2.57299999999999,0.727000000000012,0.757000000000011,2.54299999999999,0.6,0.4,0.4,0.6,0.4,0.4,0.4,0.4,1.36349962004805,1.36739783192084,0.712686289032349,0.725922958155826,-0.00589492195739379,0.573818333032857,1,1,1,1,1,1,228
"229",1,1,4,4,0.8,0.8,0.8,0.8,1,1,2.58299999999999,0.717000000000012,0.757000000000011,2.54299999999999,0.6,0.4,0.4,0.6,0.4,0.4,0.4,0.4,1.3624007693686,1.36755044733233,0.710343693615099,0.727955295329763,-0.00575333105144174,0.573883524226632,1,1,2,1,1,1,229
"230",1,1,4,4,0.8,0.8,0.8,0.8,1,1,2.58299999999999,0.717000000000012,0.747000000000012,2.55299999999999,0.6,0.4,0.4,0.6,0.4,0.4,0.4,0.4,1.36219936872904,1.36604169163323,0.712387767780016,0.725559762933735,-0.00561776486213528,0.573984844150707,1,1,1,1,1,1,230
"231",1,1,4,4,0.8,0.8,0.8,0.8,1,1,2.58299999999999,0.717000000000012,0.737000000000012,2.56299999999999,0.6,0.4,0.4,0.6,0.4,0.4,0.4,0.4,1.36074324610763,1.36329128940628,0.714404413679615,0.723161577259321,-0.00554840388861782,0.574214919081722,1,1,2,1,1,1,231
"232",1,1,4,4,0.8,0.8,0.8,0.8,1,1,2.58299999999999,0.717000000000012,0.727000000000012,2.57299999999999,0.6,0.4,0.4,0.6,0.4,0.4,0.4,0.4,1.36162312885001,1.36308519802069,0.716622489769912,0.720663388488165,-0.00535964018899432,0.574200356435938,1,1,1,1,1,1,232
"233",1,1,4,4,0.8,0.8,0.8,0.8,1,1,2.58299999999999,0.717000000000012,0.727000000000012,2.57299999999999,0.6,0.4,0.4,0.6,0.4,0.4,0.4,0.4,1.36162312885001,1.36308519802069,0.716622489769912,0.720663388488165,-0.00535964018899432,0.574200356435938,1,1,1,0,1,1,233
"234",1,1,4,4,0.8,0.8,0.8,0.8,1,1,2.58299999999999,0.717000000000012,0.717000000000012,2.58299999999999,0.6,0.4,0.4,0.6,0.4,0.4,0.4,0.4,1.36057903196324,1.36057903196252,0.71840263850194,0.718402638502341,-0.00526470784806282,0.574374262390507,1,1,1,1,1,1,234
"235",1,1,4,4,0.8,0.8,0.8,0.8,1,1,2.59299999999999,0.707000000000012,0.717000000000012,2.58299999999999,0.6,0.4,0.4,0.6,0.4,0.4,0.4,0.4,1.36037371710289,1.36140428653903,0.715909407876861,0.72058516778348,-0.00507653220134202,0.574355656276425,1,1,1,1,1,1,235
"236",1,1,4,4,0.8,0.8,0.8,0.8,1,1,2.59299999999999,0.707000000000012,0.707000000000012,2.59299999999999,0.6,0.4,0.4,0.6,0.4,0.4,0.4,0.4,1.35903813145133,1.35903813145103,0.718020037112631,0.718020037112835,-0.00498981013904504,0.574542861181789,1,1,2,1,1,1,236
"237",1,1,4,4,0.8,0.8,0.8,0.8,1,1,2.59299999999999,0.707000000000012,0.697000000000012,2.60299999999999,0.6,0.4,0.4,0.6,0.4,0.4,0.4,0.4,1.35987018992964,1.35888388287946,0.720220564876563,0.715560899959479,-0.00480596224630075,0.574531403143906,1,1,1,1,1,1,237
"238",1,1,4,4,0.8,0.8,0.8,0.8,1,1,2.60299999999999,0.697000000000012,0.697000000000012,2.60299999999999,0.6,0.4,0.4,0.6,0.4,0.4,0.4,0.4,1.35755475698336,1.35755475698351,0.717626012508466,0.717626012508531,-0.00470987986946543,0.574700472515129,1,1,2,1,1,1,238
"239",1,1,4,4,0.8,0.8,0.8,0.8,1,1,2.61299999999999,0.687000000000013,0.697000000000012,2.60299999999999,0.6,0.4,0.4,0.6,0.4,0.4,0.4,0.4,1.3573994414345,1.35834342465505,0.715185872795577,0.719828753002558,-0.00452969055878331,0.574695621129318,1,1,1,1,1,1,239
"240",1,1,4,4,0.8,0.8,0.8,0.8,1,1,2.62299999999999,0.677000000000013,0.697000000000012,2.60299999999999,0.6,0.4,0.4,0.6,0.4,0.4,0.4,0.4,1.35624318870351,1.35869076647021,0.71295826381872,0.721520885119049,-0.00435706648295377,0.574708997915484,1,1,1,1,1,1,240
"241",1,1,4,4,0.8,0.8,0.8,0.8,1,1,2.62299999999999,0.677000000000013,0.697000000000012,2.60299999999999,0.6,0.4,0.4,0.6,0.4,0.4,0.4,0.4,1.35624318870351,1.35869076647021,0.71295826381872,0.721520885119049,-0.00435706648295377,0.574708997915484,1,1,2,0,1,1,241
"242",1,1,4,4,0.8,0.8,0.8,0.8,1,1,2.62299999999999,0.677000000000013,0.687000000000013,2.61299999999999,0.6,0.4,0.4,0.6,0.4,0.4,0.4,0.4,1.35612206555812,1.35733980074539,0.714912435498482,0.71918178389205,-0.00421619650384514,0.574789461392209,1,1,1,1,1,1,242
"243",1,1,4,4,0.8,0.8,0.8,0.8,1,1,2.63299999999999,0.667000000000013,0.687000000000013,2.61299999999999,0.6,0.4,0.4,0.6,0.4,0.4,0.4,0.4,1.3534319404354,1.35585518738176,0.712639239996409,0.721155013317214,-0.00416563169815297,0.575031994125199,1,1,1,1,1,1,243
"244",1,1,4,4,0.8,0.8,0.8,0.8,1,1,2.63299999999999,0.667000000000013,0.677000000000013,2.62299999999999,0.6,0.4,0.4,0.6,0.4,0.4,0.4,0.4,1.35423694253128,1.35577956236037,0.714796998796596,0.718671892827439,-0.00397009850949609,0.57500504277213,1,1,1,1,1,1,244
"245",1,1,4,4,0.8,0.8,0.8,0.8,1,1,2.63299999999999,0.667000000000013,0.667000000000013,2.63299999999999,0.6,0.4,0.4,0.6,0.4,0.4,0.4,0.4,1.35451720184255,1.35451720184239,0.71649590336354,0.716495903363624,-0.00380660172163125,0.575040085237332,1,1,1,1,1,1,245
"246",1,1,4,4,0.8,0.8,0.8,0.8,1,1,2.63299999999999,0.667000000000013,0.657000000000013,2.64299999999999,0.6,0.4,0.4,0.6,0.4,0.4,0.4,0.4,1.35304593453613,1.35185198757662,0.718417050237601,0.714194750905377,-0.00374575809639525,0.575264796626907,1,1,2,1,1,1,246
"247",1,1,4,4,0.8,0.8,0.8,0.8,1,1,2.63299999999999,0.667000000000013,0.657000000000013,2.64299999999999,0.6,0.4,0.4,0.6,0.4,0.4,0.4,0.4,1.35304593453613,1.35185198757662,0.718417050237601,0.714194750905377,-0.00374575809639525,0.575264796626907,1,1,1,0,1,1,247
"248",1,1,4,4,0.8,0.8,0.8,0.8,1,1,2.63299999999999,0.667000000000013,0.657000000000013,2.64299999999999,0.6,0.4,0.4,0.6,0.4,0.4,0.4,0.4,1.35304593453613,1.35185198757662,0.718417050237601,0.714194750905377,-0.00374575809639525,0.575264796626907,1,1,2,0,1,1,248
"249",1,1,4,4,0.8,0.8,0.8,0.8,1,1,2.64299999999999,0.657000000000013,0.657000000000013,2.64299999999999,0.6,0.4,0.4,0.6,0.4,0.4,0.4,0.4,1.35295799244637,1.35257949262444,0.715964136312964,0.716341663321515,-0.00355621132956931,0.57524613522494,1,1,1,1,1,1,249
"250",1,1,4,4,0.8,0.8,0.8,0.8,1,1,2.64299999999999,0.657000000000013,0.647000000000013,2.65299999999999,0.6,0.4,0.4,0.6,0.4,0.4,0.4,0.4,1.35160735948805,1.35042493022047,0.718018657021362,0.713819848950258,-0.00346818603966902,0.575419164055391,1,1,2,1,1,1,250
"251",1,1,4,4,0.8,0.8,0.8,0.8,1,1,2.65299999999999,0.647000000000013,0.647000000000013,2.65299999999999,0.6,0.4,0.4,0.6,0.4,0.4,0.4,0.4,1.3515067241959,1.35110216982366,0.715563578220737,0.715947193332184,-0.00327791755786659,0.5753994437612,1,1,2,1,1,1,251
"252",1,1,4,4,0.8,0.8,0.8,0.8,1,1,2.65299999999999,0.647000000000013,0.637000000000014,2.66299999999999,0.6,0.4,0.4,0.6,0.4,0.4,0.4,0.4,1.35005511786814,1.3488840039715,0.717641783734177,0.713466178465478,-0.00320289224767435,0.575594188535022,1,1,1,1,1,1,252
"253",1,1,4,4,0.8,0.8,0.8,0.8,1,1,2.65299999999999,0.647000000000013,0.627000000000014,2.67299999999999,0.6,0.4,0.4,0.6,0.4,0.4,0.4,0.4,1.35079712794318,1.34889571437945,0.719781700313856,0.711069362391151,-0.0030180148236298,0.57557829037824,1,1,1,1,1,1,253
"254",1,1,4,4,0.8,0.8,0.8,0.8,1,1,2.65299999999999,0.647000000000013,0.627000000000014,2.67299999999999,0.6,0.4,0.4,0.6,0.4,0.4,0.4,0.4,1.35079712794318,1.34889571437945,0.719781700313856,0.711069362391151,-0.0030180148236298,0.57557829037824,1,1,1,0,1,1,254
"255",1,1,4,4,0.8,0.8,0.8,0.8,1,1,2.65299999999999,0.647000000000013,0.627000000000014,2.67299999999999,0.6,0.4,0.4,0.6,0.4,0.4,0.4,0.4,1.35079712794318,1.34889571437945,0.719781700313856,0.711069362391151,-0.0030180148236298,0.57557829037824,1,1,1,0,1,1,255
"256",1,1,4,4,0.8,0.8,0.8,0.8,1,1,2.65299999999999,0.647000000000013,0.627000000000014,2.67299999999999,0.6,0.4,0.4,0.6,0.4,0.4,0.4,0.4,1.35079712794318,1.34889571437945,0.719781700313856,0.711069362391151,-0.0030180148236298,0.57557829037824,1,1,2,0,1,1,256
"257",1,1,4,4,0.8,0.8,0.8,0.8,1,1,2.65299999999999,0.647000000000013,0.627000000000014,2.67299999999999,0.6,0.4,0.4,0.6,0.4,0.4,0.4,0.4,1.35079712794318,1.34889571437945,0.719781700313856,0.711069362391151,-0.0030180148236298,0.57557829037824,1,1,1,0,1,1,257
"258",1,1,4,4,0.8,0.8,0.8,0.8,1,1,2.65299999999999,0.647000000000013,0.627000000000014,2.67299999999999,0.6,0.4,0.4,0.6,0.4,0.4,0.4,0.4,1.35079712794318,1.34889571437945,0.719781700313856,0.711069362391151,-0.0030180148236298,0.57557829037824,1,1,2,0,1,1,258
"259",1,1,4,4,0.8,0.8,0.8,0.8,1,1,2.65299999999999,0.647000000000013,0.617000000000014,2.68299999999999,0.6,0.4,0.4,0.6,0.4,0.4,0.4,0.4,1.34986530408425,1.34638520138266,0.72143012489689,0.708972346313948,-0.00293481242415699,0.575750627978532,1,1,2,1,1,1,259
"260",1,1,4,4,0.8,0.8,0.8,0.8,1,1,2.65299999999999,0.647000000000013,0.607000000000014,2.69299999999999,0.6,0.4,0.4,0.6,0.4,0.4,0.4,0.4,1.35057149082302,1.34640551824783,0.723501180501738,0.706550290636992,-0.00274201313753134,0.575716542400391,1,1,2,1,1,1,260
"261",1,1,4,4,0.8,0.8,0.8,0.8,1,1,2.65299999999999,0.647000000000013,0.597000000000015,2.70299999999999,0.6,0.4,0.4,0.6,0.4,0.4,0.4,0.4,1.35092642580426,1.34518024038498,0.725120860687568,0.704474688729874,-0.00258624529205446,0.575747192220421,1,1,1,1,1,1,261
"262",1,1,4,4,0.8,0.8,0.8,0.8,1,1,2.65299999999999,0.647000000000013,0.597000000000015,2.70299999999999,0.6,0.4,0.4,0.6,0.4,0.4,0.4,0.4,1.35092642580426,1.34518024038498,0.725120860687568,0.704474688729874,-0.00258624529205446,0.575747192220421,1,1,1,0,1,1,262
"263",1,1,4,4,0.8,0.8,0.8,0.8,1,1,2.66299999999999,0.637000000000014,0.597000000000015,2.70299999999999,0.6,0.4,0.4,0.6,0.4,0.4,0.4,0.4,1.34956104502547,1.3449857248281,0.722857721381286,0.706386212124728,-0.00245050609606688,0.575839749010108,1,1,2,1,1,1,263
"264",1,1,4,4,0.8,0.8,0.8,0.8,1,1,2.66299999999999,0.637000000000014,0.597000000000015,2.70299999999999,0.6,0.4,0.4,0.6,0.4,0.4,0.4,0.4,1.34956104502547,1.3449857248281,0.722857721381286,0.706386212124728,-0.00245050609606688,0.575839749010108,1,1,2,0,1,1,264
"265",1,1,4,4,0.8,0.8,0.8,0.8,1,1,2.66299999999999,0.637000000000014,0.597000000000015,2.70299999999999,0.6,0.4,0.4,0.6,0.4,0.4,0.4,0.4,1.34956104502547,1.3449857248281,0.722857721381286,0.706386212124728,-0.00245050609606688,0.575839749010108,1,1,2,0,1,1,265
"266",1,1,4,4,0.8,0.8,0.8,0.8,1,1,2.66299999999999,0.637000000000014,0.587000000000015,2.71299999999998,0.6,0.4,0.4,0.6,0.4,0.4,0.4,0.4,1.34941489198332,1.34372242703987,0.724702017098361,0.704169442324197,-0.00231979548261782,0.575916364096866,1,1,2,1,1,1,266
"267",1,1,4,4,0.8,0.8,0.8,0.8,1,1,2.66299999999999,0.637000000000014,0.577000000000015,2.72299999999998,0.6,0.4,0.4,0.6,0.4,0.4,0.4,0.4,1.34932576811111,1.34252655013823,0.72652760128057,0.701956718943214,-0.00218517683570892,0.575982864441125,1,1,2,1,1,1,267
"268",1,1,4,4,0.8,0.8,0.8,0.8,1,1,2.67299999999999,0.627000000000014,0.577000000000015,2.72299999999998,0.6,0.4,0.4,0.6,0.4,0.4,0.4,0.4,1.34658137201841,1.34094246337098,0.724255343392407,0.70383472919632,-0.00212607429902609,0.576216996289049,1,1,2,1,1,1,268
"269",1,1,4,4,0.8,0.8,0.8,0.8,1,1,2.67299999999999,0.627000000000014,0.567000000000015,2.73299999999998,0.6,0.4,0.4,0.6,0.4,0.4,0.4,0.4,1.3472241145004,1.34101017711008,0.726329546374178,0.701505090777505,-0.00194674651665891,0.576202142884155,1,1,1,1,1,1,269
"270",1,1,4,4,0.8,0.8,0.8,0.8,1,1,2.67299999999999,0.627000000000014,0.557000000000015,2.74299999999998,0.6,0.4,0.4,0.6,0.4,0.4,0.4,0.4,1.34767620632129,1.33985321617883,0.727906142960588,0.699475915524778,-0.0017900142370264,0.57622337098329,1,1,1,1,1,1,270
"271",1,1,4,4,0.8,0.8,0.8,0.8,1,1,2.67299999999999,0.627000000000014,0.557000000000015,2.74299999999998,0.6,0.4,0.4,0.6,0.4,0.4,0.4,0.4,1.34767620632129,1.33985321617883,0.727906142960588,0.699475915524778,-0.0017900142370264,0.57622337098329,1,1,2,0,1,1,271
"272",1,1,4,4,0.8,0.8,0.8,0.8,1,1,2.67299999999999,0.627000000000014,0.557000000000015,2.74299999999998,0.6,0.4,0.4,0.6,0.4,0.4,0.4,0.4,1.34767620632129,1.33985321617883,0.727906142960588,0.699475915524778,-0.0017900142370264,0.57622337098329,1,1,1,0,1,1,272
"273",1,1,4,4,0.8,0.8,0.8,0.8,1,1,2.67299999999999,0.627000000000014,0.557000000000015,2.74299999999998,0.6,0.4,0.4,0.6,0.4,0.4,0.4,0.4,1.34767620632129,1.33985321617883,0.727906142960588,0.699475915524778,-0.0017900142370264,0.57622337098329,1,1,1,0,1,1,273
"274",1,1,4,4,0.8,0.8,0.8,0.8,1,1,2.67299999999999,0.627000000000014,0.547000000000016,2.75299999999998,0.6,0.4,0.4,0.6,0.4,0.4,0.4,0.4,1.34613288757057,1.33723415325338,0.729718493379264,0.697312982266579,-0.00174898797659254,0.57645207184523,1,1,2,1,1,1,274
"275",1,1,4,4,0.8,0.8,0.8,0.8,1,1,2.67299999999999,0.627000000000014,0.547000000000016,2.75299999999998,0.6,0.4,0.4,0.6,0.4,0.4,0.4,0.4,1.34613288757057,1.33723415325338,0.729718493379264,0.697312982266579,-0.00174898797659254,0.57645207184523,1,1,2,0,1,1,275
"276",1,1,4,4,0.8,0.8,0.8,0.8,1,1,2.67299999999999,0.627000000000014,0.537000000000016,2.76299999999998,0.6,0.4,0.4,0.6,0.4,0.4,0.4,0.4,1.34679490105502,1.33738304394563,0.731766910154576,0.695027000421221,-0.00157173331059646,0.576434337281077,1,1,2,1,1,1,276
"277",1,1,4,4,0.8,0.8,0.8,0.8,1,1,2.68299999999999,0.617000000000014,0.537000000000016,2.76299999999998,0.6,0.4,0.4,0.6,0.4,0.4,0.4,0.4,1.34608438362391,1.33726587443703,0.729233825001363,0.697009456860731,-0.00138910926679664,0.576447981417809,1,1,2,1,1,1,277
"278",1,1,4,4,0.8,0.8,0.8,0.8,1,1,2.68299999999999,0.617000000000014,0.537000000000016,2.76299999999998,0.6,0.4,0.4,0.6,0.4,0.4,0.4,0.4,1.34608438362391,1.33726587443703,0.729233825001363,0.697009456860731,-0.00138910926679664,0.576447981417809,1,1,2,0,1,1,278
"279",1,1,4,4,0.8,0.8,0.8,0.8,1,1,2.68299999999999,0.617000000000014,0.537000000000016,2.76299999999998,0.6,0.4,0.4,0.6,0.4,0.4,0.4,0.4,1.34608438362391,1.33726587443703,0.729233825001363,0.697009456860731,-0.00138910926679664,0.576447981417809,1,1,1,0,1,1,279
"280",1,1,4,4,0.8,0.8,0.8,0.8,1,1,2.68299999999999,0.617000000000014,0.527000000000016,2.77299999999998,0.6,0.4,0.4,0.6,0.4,0.4,0.4,0.4,1.34591897784004,1.3360429652948,0.731018589834869,0.69486513313984,-0.00126551495555222,0.576524237997865,1,1,1,1,1,1,280
"281",1,1,4,4,0.8,0.8,0.8,0.8,1,1,2.69299999999999,0.607000000000014,0.527000000000016,2.77299999999998,0.6,0.4,0.4,0.6,0.4,0.4,0.4,0.4,1.34488714021698,1.3361451380275,0.729212014656431,0.697148417039406,-0.00120437777668552,0.576751021542713,1,0,1,1,1,1,281
"282",1,1,4,4,0.8,0.8,0.8,0.8,1,1,2.69299999999999,0.607000000000014,0.527000000000016,2.77299999999998,0.6,0.4,0.4,0.6,0.4,0.4,0.4,0.4,1.34488714021698,1.3361451380275,0.729212014656431,0.697148417039406,-0.00120437777668552,0.576751021542713,1,0,2,0,1,1,282
"283",1,1,4,4,0.8,0.8,0.8,0.8,1,1,2.70299999999999,0.597000000000015,0.527000000000016,2.77299999999998,0.6,0.4,0.4,0.6,0.4,0.4,0.4,0.4,1.34312796685556,1.33551467435235,0.726811529085661,0.69883741596881,-0.00105052961120572,0.576816689473617,1,0,2,1,1,1,283
"284",1,1,4,4,0.8,0.8,0.8,0.8,1,1,2.70299999999999,0.597000000000015,0.527000000000016,2.77299999999998,0.6,0.4,0.4,0.6,0.4,0.4,0.4,0.4,1.34312796685556,1.33551467435235,0.726811529085661,0.69883741596881,-0.00105052961120572,0.576816689473617,1,0,1,0,1,1,284
"285",1,1,4,4,0.8,0.8,0.8,0.8,1,1,2.70299999999999,0.597000000000015,0.527000000000016,2.77299999999998,0.6,0.4,0.4,0.6,0.4,0.4,0.4,0.4,1.34312796685556,1.33551467435235,0.726811529085661,0.69883741596881,-0.00105052961120572,0.576816689473617,1,0,2,0,1,1,285
"286",1,1,4,4,0.8,0.8,0.8,0.8,1,1,2.70299999999999,0.597000000000015,0.527000000000016,2.77299999999998,0.6,0.4,0.4,0.6,0.4,0.4,0.4,0.4,1.34312796685556,1.33551467435235,0.726811529085661,0.69883741596881,-0.00105052961120572,0.576816689473617,1,0,2,0,1,1,286
"287",1,1,4,4,0.8,0.8,0.8,0.8,1,1,2.70299999999999,0.597000000000015,0.527000000000016,2.77299999999998,0.6,0.4,0.4,0.6,0.4,0.4,0.4,0.4,1.34312796685556,1.33551467435235,0.726811529085661,0.69883741596881,-0.00105052961120572,0.576816689473617,1,0,2,0,1,1,287
"288",1,1,4,4,0.8,0.8,0.8,0.8,1,1,2.71299999999998,0.587000000000015,0.527000000000016,2.77299999999998,0.6,0.4,0.4,0.6,0.4,0.4,0.4,0.4,1.34210271811985,1.33560437995022,0.724948250276179,0.701026707170065,-0.000975072930288021,0.577012694228799,1,0,1,1,1,1,288
"289",1,1,4,4,0.8,0.8,0.8,0.8,1,1,2.71299999999998,0.587000000000015,0.527000000000016,2.77299999999998,0.6,0.4,0.4,0.6,0.4,0.4,0.4,0.4,1.34210271811985,1.33560437995022,0.724948250276179,0.701026707170065,-0.000975072930288021,0.577012694228799,1,0,2,0,1,1,289
"290",1,1,4,4,0.8,0.8,0.8,0.8,1,1,2.71299999999998,0.587000000000015,0.517000000000016,2.78299999999998,0.6,0.4,0.4,0.6,0.4,0.4,0.4,0.4,1.34193353132407,1.33438502715236,0.726854834096722,0.699018096733708,-0.000879838622147147,0.577141773366511,1,0,1,1,1,1,290
"291",1,1,4,4,0.8,0.8,0.8,0.8,1,1,2.72299999999998,0.577000000000015,0.517000000000016,2.78299999999998,0.6,0.4,0.4,0.6,0.4,0.4,0.4,0.4,1.3413711849347,1.33492869998948,0.724801592628327,0.701003592118274,-0.000730643085108673,0.577208386778193,1,0,2,1,1,1,291
"292",1,1,4,4,0.8,0.8,0.8,0.8,1,1,2.71299999999998,0.587000000000015,0.517000000000016,2.78299999999998,0.6,0.4,0.4,0.6,0.4,0.4,0.4,0.4,1.34177532908475,1.33423184180316,0.726084754943962,0.698272273629894,-0.000712340479102735,0.576852147198743,1,1,1,1,1,1,292
"293",1,1,4,4,0.8,0.8,0.8,0.8,1,1,2.72299999999998,0.577000000000015,0.517000000000016,2.78299999999998,0.6,0.4,0.4,0.6,0.4,0.4,0.4,0.4,1.34108358144961,1.33464230087417,0.724612412161891,0.700819122559705,-0.000704604081768007,0.577164035031194,1,0,2,1,1,1,293
"294",1,1,4,4,0.8,0.8,0.8,0.8,1,1,2.72299999999998,0.577000000000015,0.517000000000016,2.78299999999998,0.6,0.4,0.4,0.6,0.4,0.4,0.4,0.4,1.34108358144961,1.33464230087417,0.724612412161891,0.700819122559705,-0.000704604081768007,0.577164035031194,1,0,1,0,1,1,294
"295",1,1,4,4,0.8,0.8,0.8,0.8,1,1,2.73299999999998,0.567000000000015,0.517000000000016,2.78299999999998,0.6,0.4,0.4,0.6,0.4,0.4,0.4,0.4,1.34003670184314,1.33469020277087,0.722959095632261,0.703173381994542,-0.000676702243863805,0.577438943965854,1,0,2,1,1,1,295
"296",1,1,4,4,0.8,0.8,0.8,0.8,1,1,2.72299999999998,0.577000000000015,0.517000000000016,2.78299999999998,0.6,0.4,0.4,0.6,0.4,0.4,0.4,0.4,1.3390409570228,1.33260496513393,0.723857751478001,0.700081856143518,-0.000655849682239251,0.577083178620999,1,1,2,1,1,1,296
"297",1,1,4,4,0.8,0.8,0.8,0.8,1,1,2.72299999999998,0.577000000000015,0.517000000000016,2.78299999999998,0.6,0.4,0.4,0.6,0.4,0.4,0.4,0.4,1.3390409570228,1.33260496513393,0.723857751478001,0.700081856143518,-0.000655849682239251,0.577083178620999,1,1,2,0,1,1,297
"298",1,1,4,4,0.8,0.8,0.8,0.8,1,1,2.72299999999998,0.577000000000015,0.507000000000017,2.79299999999998,0.6,0.4,0.4,0.6,0.4,0.4,0.4,0.4,1.33972255786649,1.33284533130103,0.72588392058986,0.697690667413141,-0.000457415640426825,0.577034221103348,1,1,1,1,1,1,298
"299",1,1,4,4,0.8,0.8,0.8,0.8,1,1,2.72299999999998,0.577000000000015,0.497000000000017,2.80299999999998,0.6,0.4,0.4,0.6,0.4,0.4,0.4,0.4,1.34040349506839,1.33188859149427,0.728437296927343,0.696873070745119,-0.0005460511207247,0.577474256668827,1,0,2,1,1,1,299
"300",1,1,4,4,0.8,0.8,0.8,0.8,1,1,2.72299999999998,0.577000000000015,0.487000000000017,2.81299999999998,0.6,0.4,0.4,0.6,0.4,0.4,0.4,0.4,1.33993885052597,1.33040629180274,0.729648138401591,0.69425534988018,-0.000318561919491755,0.577368605997038,1,0,2,1,1,1,300
"301",1,1,4,4,0.8,0.8,0.8,0.8,1,1,2.72299999999998,0.577000000000015,0.487000000000017,2.81299999999998,0.6,0.4,0.4,0.6,0.4,0.4,0.4,0.4,1.33993885052597,1.33040629180274,0.729648138401591,0.69425534988018,-0.000318561919491755,0.577368605997038,1,0,1,0,1,1,301
"302",1,1,4,4,0.8,0.8,0.8,0.8,1,1,2.72299999999998,0.577000000000015,0.487000000000017,2.81299999999998,0.6,0.4,0.4,0.6,0.4,0.4,0.4,0.4,1.33993885052597,1.33040629180274,0.729648138401591,0.69425534988018,-0.000318561919491755,0.577368605997038,1,0,2,0,1,1,302
"303",1,1,4,4,0.8,0.8,0.8,0.8,1,1,2.73299999999998,0.567000000000015,0.487000000000017,2.81299999999998,0.6,0.4,0.4,0.6,0.4,0.4,0.4,0.4,1.33858017353436,1.33013471317402,0.728692129590143,0.69727277110184,-0.000466765262410296,0.577954861359644,1,0,2,1,1,1,303
"304",1,1,4,4,0.8,0.8,0.8,0.8,1,1,2.74299999999998,0.557000000000015,0.487000000000017,2.81299999999998,0.6,0.4,0.4,0.6,0.4,0.4,0.4,0.4,1.33815976957028,1.3308057573741,0.725921564561369,0.698524217300083,-0.000138433862086229,0.577713164634133,1,0,2,1,1,1,304
"305",1,1,4,4,0.8,0.8,0.8,0.8,1,1,2.75299999999998,0.547000000000016,0.487000000000017,2.81299999999998,0.6,0.4,0.4,0.6,0.4,0.4,0.4,0.4,1.33601750614905,1.32973116387102,0.725591875319912,0.702121033747261,-0.000480960114794905,0.578629429672837,1,0,1,1,1,1,305
"306",1,1,4,4,0.8,0.8,0.8,0.8,1,1,2.75299999999998,0.547000000000016,0.477000000000017,2.82299999999998,0.6,0.4,0.4,0.6,0.4,0.4,0.4,0.4,1.33722089158073,1.32991788099535,0.727262108494121,0.699958190118435,-0.000253943637413379,0.578528138128246,1,0,1,1,1,1,306
"307",1,1,4,4,0.8,0.8,0.8,0.8,1,1,2.76299999999998,0.537000000000016,0.477000000000017,2.82299999999998,0.6,0.4,0.4,0.6,0.4,0.4,0.4,0.4,1.33674510019152,1.3305098041522,0.725443008588703,0.702095026962154,-0.000146392608618304,0.578665159967096,1,0,1,1,1,1,307
"308",1,1,4,4,0.8,0.8,0.8,0.8,1,1,2.76299999999998,0.537000000000016,0.487000000000017,2.81299999999998,0.6,0.4,0.4,0.6,0.4,0.4,0.4,0.4,1.33651420908895,1.33129817315901,0.723273348687234,0.70377316136207,-0.000197907380565632,0.578460747930789,1,0,2,1,1,1,308
"309",1,1,4,4,0.8,0.8,0.8,0.8,1,1,2.76299999999998,0.537000000000016,0.497000000000017,2.80299999999998,0.6,0.4,0.4,0.6,0.4,0.4,0.4,0.4,1.33584418168079,1.33165635343264,0.72084482364923,0.705213722419565,-0.000219797038172161,0.578202759844592,1,0,2,1,1,1,309
"310",1,1,4,4,0.8,0.8,0.8,0.8,1,1,2.75299999999998,0.547000000000016,0.497000000000017,2.80299999999998,0.6,0.4,0.4,0.6,0.4,0.4,0.4,0.4,1.33667583854556,1.33142286703757,0.722095056452135,0.702523089627677,-0.000171123137143903,0.577799863260848,1,0,2,1,1,1,310
"311",1,1,4,4,0.8,0.8,0.8,0.8,1,1,2.75299999999998,0.547000000000016,0.497000000000017,2.80299999999998,0.6,0.4,0.4,0.6,0.4,0.4,0.4,0.4,1.33667583854556,1.33142286703757,0.722095056452135,0.702523089627677,-0.000171123137143903,0.577799863260848,1,0,2,0,1,1,311
"312",1,1,4,4,0.8,0.8,0.8,0.8,1,1,2.76299999999998,0.537000000000016,0.497000000000017,2.80299999999998,0.6,0.4,0.4,0.6,0.4,0.4,0.4,0.4,1.33530788857099,1.33112428803915,0.719826711529273,0.704213313254181,-1.68031099893884e-05,0.57785176929683,1,0,2,1,1,1,312
"313",1,1,4,4,0.8,0.8,0.8,0.8,1,1,2.77299999999998,0.527000000000016,0.497000000000017,2.80299999999998,0.6,0.4,0.4,0.6,0.4,0.4,0.4,0.4,1.33427281582586,1.33114859154494,0.717705087506443,0.706026485967951,0.000125095597038632,0.577922275722505,1,0,1,1,1,1,313
