"","R1_0","R2_0","C1_0","r1","r2","K1","K2","e11","e12","h11","h12","a11","a12","m1","w11","R1","R2","C1","steady"
"1",1.9325,1.8875,1.1105,0.8465,1.8035,4.037,4.409,0.5628,0.8348,0.2815,0.1035,3.0991,0.2131,0.2269,0.2057,0,0,4.43036417778933,1
"2",0.7745,1.8785,1.7705,1.2725,1.3535,2.087,4.253,0.882,0.7932,0.3185,0.1675,2.3659,1.2037,0.1639,0.3425,0,0,3.39414151413914,1
"3",1.2815,0.6605,1.2335,1.8455,1.7975,4.703,2.075,0.6676,0.526,0.3095,0.1415,1.3909,2.7325,0.3403,0.1841,0.435126617413321,0,1.42962005481282,1
"4",1.8575,0.9395,1.4105,1.0865,0.9155,2.699,3.623,0.578,0.8564,0.1025,0.4475,3.0601,3.4813,0.4735,0.8627,0,0,1.44391917857468,1
"5",0.6395,1.2605,1.7495,0.5885,1.8425,3.395,4.841,0.7116,0.5092,0.2505,0.4635,0.7591,1.3129,0.1891,0.7223,2.99559407686251e-22,0.341671374752705,1.57552606308227,1
"6",0.9455,0.6695,0.7025,1.8095,1.7765,2.507,3.983,0.55,0.6676,0.4675,0.2545,0.2287,0.3925,0.3637,0.8375,0,0,0,1
"7",1.9535,1.0985,0.5045,1.1645,1.1345,2.945,2.723,0.8444,0.6884,0.1535,0.1995,1.4533,3.3487,0.1513,0.6791,2.94500000002977,2.7230011224639,0,1
"8",1.5335,0.9125,1.7315,1.1825,0.7535,2.621,4.223,0.586,0.706,0.3805,0.4315,2.1943,2.7169,0.8101,0.3227,1.50974155572098,0.723532144140791,0.941254175664915,1
"9",1.9775,1.9595,1.2725,0.6935,1.6775,3.095,4.541,0.6236,0.8116,0.4635,0.4605,2.2177,3.8557,0.2611,0.3047,0,0,2.34518714786042,1
"10",0.5195,1.8995,1.8635,0.9545,1.3595,3.827,2.105,0.5228,0.6172,0.5825,0.1265,2.5999,1.8121,0.8263,0.1805,0,0.889436820423309,0.521564371884482,1
"11",0.6755,1.3895,1.6595,0.7745,1.1045,2.807,2.045,0.5916,0.638,0.3755,0.3865,1.0087,0.3145,0.1603,0.8123,1.25265309563653e-22,0.884824577912496,2.20668530417188,1
"12",1.9685,1.1165,1.0775,1.1375,1.4135,3.761,2.345,0.5348,0.5692,0.1385,0.4335,3.0523,0.4393,0.2917,0.9113,0,0,1.82434133203503,1
"13",0.8045,0.7625,1.5545,1.0595,1.8065,3.899,2.285,0.7988,0.798,0.4895,0.3685,1.7107,1.2895,0.8641,0.3911,1.42204865207968,1.34206970597255,1.80876084590358,1
"14",1.5365,1.4405,1.5455,1.5905,1.1645,2.333,4.937,0.7332,0.7876,0.1845,0.5975,1.5703,1.0009,0.6283,0.5837,0.755923566377468,1.31962670638187,2.35985961441377,1
"15",0.6905,1.5395,1.8995,1.9715,1.2665,2.111,2.825,0.8996,0.686,0.5405,0.3065,3.1849,2.9431,0.5473,0.8213,0,0,0,1
"16",1.1615,0.8255,1.0985,1.7615,1.4675,4.385,3.413,0.8508,0.7132,0.4095,0.4785,0.1741,0.7591,0.1027,0.7079,0,0,2.43030354531584,1
"17",1.9985,1.0115,0.9965,1.9385,1.7315,2.867,4.235,0.626,0.6364,0.4205,0.4085,3.4579,3.4501,0.4843,0.0725,2.86700002926157,0,0,1
"18",0.9215,0.9185,0.9875,0.5135,1.2785,3.191,2.639,0.7236,0.7828,0.4515,0.2375,0.1507,0.8839,0.7885,0.3767,0,1.49793858611082,0.822078876593797,1
"19",1.5845,1.8635,0.9035,1.6745,1.0745,4.571,2.645,0.6844,0.5052,0.4155,0.4545,3.3019,0.7279,0.2035,0.6521,0,0,2.32279973973501,1
"20",1.9205,0.6545,0.9155,1.0655,1.3025,4.559,2.873,0.5172,0.7668,0.4665,0.3245,3.9649,2.0149,0.3907,0.8069,0,0,0.775730029894734,1
"21",1.5275,1.2695,0.8375,0.8285,1.1495,2.195,3.977,0.6716,0.6244,0.1915,0.4275,0.4861,2.6233,0.8371,0.2705,2.00990087370581,1.44601934576475,0.90170533054061,1
"22",1.1585,1.4765,0.5765,0.6755,1.1765,2.561,3.311,0.5948,0.8364,0.4765,0.3965,1.6405,0.9697,0.4411,0.8753,0,3.3110000028616,2.08541568654697e-12,1
"23",1.2695,1.8155,1.9805,1.3445,1.0775,4.229,4.775,0.5532,0.7212,0.5895,0.2275,1.5781,1.5001,0.1387,0.1625,0,0,2.23772470529569,1
"24",0.6335,1.3835,0.6365,1.5125,1.8635,3.713,4.859,0.5708,0.6716,0.2025,0.1965,3.7621,1.1257,0.9451,0.7637,0,0,0,1
"25",0.6155,1.4435,0.7115,1.8305,1.8545,2.057,4.835,0.6932,0.7724,0.1355,0.5605,1.1725,1.8667,0.7795,0.7151,0,0,3.4189348182982,1
"26",0.7505,0.8405,1.7945,0.7355,1.3265,4.607,3.083,0.7212,0.602,0.4415,0.5765,2.0851,3.0367,0.5923,0.2795,0.920978496495376,0.468877740577093,1.19592303378616,1
"27",1.8935,1.9445,0.6185,0.5855,1.8725,3.305,4.793,0.8596,0.7396,0.5845,0.2235,3.5437,2.8885,0.6139,0.2183,0,0,1.20792235997478,1
"28",0.9545,1.1495,1.0235,1.4855,0.9425,2.303,2.705,0.5036,0.7348,0.3345,0.2595,3.1459,0.4549,0.7975,0.4829,1.56397238873768,2.38231174129088,0.717579783978852,1
"29",0.8465,1.9895,0.8405,1.9805,1.6415,3.767,2.333,0.7484,0.5604,0.2935,0.3645,0.8995,2.9275,0.9829,0.6503,0,1.66102115418951,0.447760556341617,1
"30",1.6655,1.6085,0.9305,1.8755,1.7075,4.775,3.593,0.6468,0.8012,0.5325,0.2895,0.7513,1.6327,0.4681,0.2381,0,0,1.79920193264078,1
"31",1.4255,0.9545,1.7825,0.8975,1.7195,4.001,2.369,0.5324,0.6188,0.2685,0.1085,1.2583,1.1569,0.5221,0.7511,0,2.36900000001057,0,1
"32",0.8855,0.8495,0.9575,1.8605,0.7655,4.553,4.673,0.758,0.7796,0.4945,0.1365,1.0243,0.3847,0.3727,0.3479,0,4.67300000044171,0,1
"33",0.6935,0.9455,0.9815,0.9605,0.5045,3.635,4.631,0.5988,0.562,0.3225,0.5175,3.3175,1.0477,0.8407,0.1031,0,0,0,1
"34",1.9415,0.6815,1.0175,0.9065,1.8965,3.401,3.233,0.862,0.8444,0.1775,0.4365,1.7887,2.0851,0.2773,0.4667,0,0,0.180268674172454,1
"35",1.0925,1.2155,1.0565,1.7495,1.2935,3.773,3.173,0.686,0.5204,0.3115,0.2425,1.4689,3.1225,0.4933,0.7061,0,0,0,1
"36",1.2965,1.9025,0.9395,0.5465,0.8885,3.491,2.531,0.826,0.6052,0.4805,0.2035,1.4767,1.2583,0.3349,0.4739,0,0,5.26266679315202,1
"37",0.6065,1.2515,1.1435,0.5405,1.8455,2.375,4.373,0.8556,0.5756,0.1985,0.1465,3.0211,3.0133,0.1657,0.7475,0,0,1.25985956985403,1
"38",0.9995,0.8375,1.8185,1.6115,0.8855,2.669,3.077,0.5844,0.866,0.2595,0.1815,0.2599,0.1507,0.9289,0.5207,2.66900016536066,0,0,1
"39",1.2395,0.8435,0.6395,0.6845,0.6455,3.515,3.017,0.6252,0.8276,0.5645,0.1695,3.5125,1.6561,0.9667,0.8681,3.4619396489832,0,0.0231347860780361,1
"40",1.6835,1.9625,1.8575,1.2605,1.4945,2.435,4.511,0.67,0.502,0.2225,0.4255,1.5937,0.1663,0.5779,0.1193,2.435,4.5110000013294,0,1
"41",0.6245,0.9605,0.8735,0.7295,0.9215,3.119,2.471,0.674,0.5876,0.3335,0.5485,2.1865,3.6139,0.3943,0.8159,0.177400148879241,0.506511252958428,0.761620541950463,1
"42",1.3535,0.5765,1.0625,1.3385,1.8335,4.619,3.833,0.5308,0.674,0.1415,0.5665,2.3971,3.1771,0.4285,0.8843,0.380200234330386,0,0.578503233840864,1
"43",0.8015,1.3745,1.9865,1.3535,0.5645,3.041,4.901,0.8588,0.6196,0.1305,0.3455,2.6155,0.4159,0.2071,0.6395,0,0,0,1
"44",1.8005,1.3925,0.7535,1.8005,1.2095,4.613,2.303,0.8844,0.6332,0.2205,0.2945,1.8199,1.6093,0.8893,0.2975,0,0,2.05303988701992,1
"45",1.1675,1.5275,1.0895,0.6305,1.2575,2.123,4.523,0.682,0.8652,0.3685,0.2515,2.9275,2.7559,0.4969,0.2759,0,0,1.16232026756562,1
"46",1.6325,1.0955,1.1345,1.4915,1.4225,2.543,2.801,0.6492,0.6924,0.5125,0.5655,2.0539,1.2817,0.1225,0.1301,0,0,4.28541404831909,1
"47",0.9605,1.6445,0.9845,0.5765,0.6275,4.523,2.813,0.762,0.6164,0.5705,0.2695,2.0071,3.7777,0.4195,0.5639,0,0,0.768595955245296,1
"48",0.6665,1.0445,1.8395,1.0295,0.6875,2.615,3.641,0.5524,0.8068,0.5385,0.5475,0.5641,3.8635,0.8353,0.2633,0,0.618653717304097,0.341010130037656,1
"49",0.5345,0.8555,1.6235,0.6245,1.3895,2.999,2.309,0.6828,0.7684,0.1975,0.3775,3.2785,0.8995,0.6031,0.2165,0.647596719572347,1.02735019954809,1.36853095628241,1
"50",1.5935,1.1225,1.3145,0.8165,0.5075,3.629,4.415,0.6388,0.5492,0.4755,0.4815,0.6187,0.2521,0.8767,0.6935,3.62900000223577,0,0,1
"51",1.9265,1.6805,1.6415,0.9995,1.4975,4.361,4.709,0.866,0.558,0.2915,0.5025,2.9821,0.4471,0.7345,0.6053,0,0,0.309898719005938,1
"52",1.6565,1.1375,1.8455,1.9865,0.7895,2.735,2.765,0.6028,0.7836,0.4865,0.2915,3.6763,0.4783,0.6787,0.3461,1.2429790145471,1.57949591175662,1.81366796102229,1
"53",1.2275,1.4015,0.6455,1.1435,1.5035,2.975,2.273,0.5372,0.8908,0.3395,0.5105,1.8355,2.8963,0.3511,0.6917,0,0,14.9788079166751,1
"54",1.0625,0.5825,1.5005,0.5615,0.6515,4.097,4.211,0.8916,0.7788,0.2115,0.4775,3.8947,1.7497,0.4573,0.7763,4.09700497874134,0,0,1
"55",1.2185,1.7915,0.8225,1.8995,1.1015,3.833,2.027,0.7796,0.7156,0.5265,0.5705,3.1147,3.3799,0.9901,0.8393,1.29497573972137,1.4780993265507,1.60113416821081,1
"56",1.2845,1.1855,0.7835,1.9835,0.6785,2.273,4.973,0.8028,0.5748,0.5915,0.3395,1.3051,3.6529,0.5959,0.3821,2.27300000013691,0,0,1
"57",1.6055,0.7415,1.8845,0.7805,0.6995,2.813,2.051,0.8372,0.678,0.3995,0.5855,3.5593,1.5313,0.7417,0.1355,1.16733978665075,0.494445945157988,0.84158887372884,1
"58",0.6485,1.8545,1.8215,1.9415,1.6505,3.311,4.703,0.8364,0.5556,0.3235,0.3165,0.1585,0.1819,0.1963,0.6233,0,4.70300000000576,0,1
"59",1.1075,0.5135,0.6245,1.8515,1.2485,3.185,4.589,0.7404,0.5636,0.5585,0.4235,3.2863,2.0383,0.9523,0.2687,3.18500000000149,0,0,1
"60",0.5855,1.6355,1.8485,0.8045,1.0985,4.013,2.891,0.5124,0.5148,0.5515,0.3835,3.8479,0.9151,0.8335,0.3155,4.0129999999562,2.89099999999407,3.26710582483733e-11,1
"61",1.0235,1.9085,1.6865,0.9305,1.4525,4.421,3.389,0.6004,0.8876,0.4135,0.4825,2.2567,3.7075,0.8821,0.2363,0,0,0,1
"62",1.5635,0.8465,1.7105,0.7775,0.7055,3.743,3.107,0.6628,0.8028,0.3505,0.1375,3.9805,2.3347,0.4807,0.7241,0,0.279479629143604,0.299671131247747,1
"63",1.5065,1.3805,0.5945,1.6565,0.5405,3.029,3.731,0.7092,0.8996,0.4815,0.4805,0.9853,0.4627,0.1711,0.8771,0,3.73100000002467,1.45426921468551e-12,1
"64",1.5455,1.9655,0.6905,1.7855,0.6185,2.213,3.839,0.65,0.842,0.1315,0.5495,1.8667,0.5641,0.9037,0.1967,2.19773541728348,3.68098936926068,0.10677763456863,1
"65",0.7565,1.0745,0.7985,1.3895,1.2245,4.193,4.283,0.814,0.8812,0.1335,0.5635,0.8137,2.8261,0.2215,0.5999,0,0,0.749178902835005,1
"66",1.5035,0.6035,1.9115,1.5215,1.7645,3.059,3.251,0.5244,0.5964,0.5955,0.1325,2.1163,1.9057,0.2719,0.6179,0,0,2.21898648800342,1
"67",1.6895,1.5635,0.7055,1.7405,0.5015,3.929,4.097,0.8068,0.8796,0.5925,0.1755,3.4969,1.4377,0.6517,0.0707,3.92900000020436,0,2.28266242247988e-15,1
"68",1.8095,0.7955,1.6175,1.3655,1.5065,2.819,2.327,0.8772,0.71,0.1135,0.2635,3.9883,0.5875,0.1009,0.8051,2.81900000133392,0,0,1
"69",1.9835,1.5305,1.8035,1.9265,0.7145,2.879,3.893,0.8692,0.6844,0.2955,0.1425,1.8745,3.3331,0.4861,0.5405,2.87900000000295,3.893,0,1
"70",0.7865,0.5165,1.6085,1.1525,1.3205,4.217,3.023,0.7148,0.8092,0.1695,0.2305,1.3675,2.8729,0.2737,0.5423,0.252526496162963,0.164150128076732,1.32061901200571,1
"71",1.9625,1.0355,1.0715,0.6035,1.4105,3.089,3.467,0.5092,0.8132,0.5355,0.2525,0.9931,3.1147,0.8245,0.4541,1.17515122807758,0.877998074860805,1.18348772865381,1
"72",1.1435,1.2935,1.0655,1.1795,1.2035,4.937,2.069,0.7308,0.658,0.2405,0.3805,3.6841,3.5671,0.2953,0.2075,0,0,0.827576554608086,1
"73",1.6295,1.1945,1.6925,0.9395,0.7475,2.903,4.103,0.526,0.6964,0.4295,0.2735,0.4939,0.5953,0.7597,0.6089,2.90300000102378,4.10300117057302,0,1
"74",1.1765,0.5075,0.7475,0.5165,1.5155,2.921,4.481,0.8964,0.6828,0.1595,0.3705,0.4549,3.6685,0.9595,0.8699,2.83746164661643,0,0.039157192717423,1
"75",1.6745,1.4945,1.3625,1.6985,1.7735,3.665,3.695,0.6164,0.582,0.3825,0.2935,1.8277,1.2739,0.7903,0.6881,0,3.69500000364877,0,1
"76",0.5735,1.2875,1.9985,1.3325,1.0475,3.023,2.537,0.8484,0.8604,0.2085,0.1615,3.3799,3.6607,0.2467,0.4613,0,0,1.91887614903533,1
"77",0.5105,1.8935,1.8065,0.9275,1.1615,4.463,2.243,0.5052,0.8156,0.1755,0.3295,2.2333,1.8745,0.1297,0.8933,0,2.24300002214744,0,1
"78",0.9665,1.1735,0.5825,0.8435,0.7385,4.295,3.041,0.8604,0.6308,0.1445,0.3085,1.7497,1.5079,0.3601,0.5189,0,3.04100001256762,0,1
"79",1.6085,1.2665,0.6335,1.6715,0.9935,4.715,4.025,0.8452,0.5572,0.4475,0.2125,3.5281,2.0305,0.5869,0.6017,0,0,0.597207854173363,1
"80",1.8455,1.2005,1.1855,1.2365,1.7165,2.555,2.429,0.8252,0.7148,0.5135,0.4925,1.6717,0.2209,0.7399,0.8987,0,0,13.0497015782845,1
"81",0.7295,1.6925,0.8195,1.9955,0.8525,4.073,3.653,0.6948,0.6028,0.2395,0.2715,3.1615,2.3737,0.2323,0.0995,0,0,1.6909009009459,1
"82",0.8225,1.4255,1.3385,0.7985,0.8255,4.343,2.003,0.7364,0.6524,0.3525,0.3335,0.8059,2.6467,0.1369,0.1949,0,2.003000000138,0,1
"83",0.9845,1.9715,1.2155,1.4765,1.6025,4.745,4.985,0.6732,0.75,0.3675,0.2055,3.0757,1.2661,0.6157,0.8897,0,4.98500000004775,1.53042124308155e-12,1
"84",0.7475,0.9275,0.9125,1.9175,1.6715,2.357,3.677,0.8204,0.814,0.5855,0.2755,1.5313,1.1959,0.5419,0.2291,0,0.68170175757935,1.39428808578225,1
"85",1.9955,1.7765,1.2365,1.5605,1.9655,2.249,2.009,0.6228,0.67,0.1325,0.1235,3.2005,3.7621,0.8947,0.3785,2.24900000078828,2.00900000112949,0,1
"86",0.7595,0.9635,0.6035,1.3565,1.3175,4.241,3.761,0.794,0.7716,0.4055,0.2215,2.0461,2.1865,0.2359,0.5891,0,0,0.375459071712025,1
"87",0.7175,1.6505,0.7595,1.8395,1.6595,3.197,4.187,0.5364,0.6796,0.3885,0.2535,0.8683,0.2365,0.7633,0.3245,0,0,0,1
"88",1.6445,1.2635,1.4495,1.9115,1.7255,3.215,2.057,0.6052,0.5404,0.2895,0.1335,0.7669,2.2957,0.1171,0.5351,3.21500000002258,2.05700000001477,0,1
"89",1.4015,0.5855,0.6995,0.7535,1.4255,4.601,4.175,0.7572,0.7188,0.3865,0.5545,0.9463,0.7825,0.6067,0.9095,1.22654641476403,0,0.845970238987734,1
"90",1.7555,1.6895,1.7375,1.3295,1.8275,4.847,4.787,0.726,0.7564,0.2485,0.1115,1.5079,3.1069,0.2647,0.4865,0,0,2.2228935258567,1
"91",0.6275,0.9785,0.5105,0.6005,1.0925,3.167,4.607,0.7028,0.7556,0.5395,0.4645,1.0477,3.9727,0.7939,0.1823,0,0.516601913547416,0.476925965703019,1
"92",0.5075,1.6385,1.4405,0.8015,0.8825,3.071,3.911,0.6564,0.8868,0.4775,0.1655,3.7855,3.5749,0.5977,0.4055,0,0,0,1
"93",1.9805,0.6425,0.5315,0.8735,0.5345,3.725,2.021,0.5868,0.886,0.4715,0.2285,3.2473,3.5905,0.4483,0.4757,0,0,0.850422820904108,1
"94",1.6025,0.5555,0.8315,0.7445,0.7235,3.701,4.559,0.6372,0.8124,0.2075,0.1925,3.1693,1.8901,0.5743,0.3443,0.425577962918841,0.377388992721226,0.665389537699679,1
"95",0.9515,0.7715,0.9365,1.8725,0.9995,4.145,3.923,0.7508,0.6804,0.4045,0.4415,1.2115,3.2629,0.6643,0.7403,1.13739712348257,0,1.74658578059964,1
"96",0.6965,1.6775,0.5375,1.5725,0.7085,3.149,2.735,0.7252,0.65,0.2875,0.5615,0.4081,0.3301,0.2809,0.3299,0,1.72861685273043,1.04281252725444,1
"97",1.9925,1.3325,1.5935,1.4615,1.1705,4.907,4.217,0.6284,0.5716,0.4785,0.1705,3.0133,2.6545,0.7705,0.1715,1.49935703934908,0.370612657931795,1.53463172660514,1
"98",0.9785,1.2425,1.8875,0.9785,1.3475,4.853,2.567,0.7828,0.878,0.2535,0.4715,0.2833,2.8651,0.3547,0.3281,0,0,2.07961545441778,1
"99",1.9745,1.4105,1.4195,1.0175,1.2995,2.021,4.013,0.51,0.598,0.5025,0.1735,1.4923,2.1709,0.2449,0.5459,0,0,5.32171289209043,1
"100",0.7415,1.8125,1.0835,0.5345,1.1165,2.015,3.125,0.7348,0.5268,0.2355,0.1175,2.0227,3.4969,0.1531,0.3173,0,0,8.75898964637769,1
"101",0.6185,1.9835,1.2515,1.6895,1.2845,4.757,3.395,0.8468,0.8396,0.5935,0.3975,2.2099,1.1179,0.1873,0.2039,0,3.39500000005091,0,1
"102",1.9475,0.5435,0.5855,0.8675,0.5525,3.221,4.313,0.8052,0.8356,0.3695,0.3195,2.7169,0.4705,0.4087,0.0941,0,4.31300011969561,0,1
"103",1.2245,0.6875,0.5225,1.0955,0.5495,3.653,4.343,0.8812,0.7924,0.4825,0.5205,0.9307,3.7153,0.6175,0.1895,0,0,0,1
"104",1.1105,0.7115,1.1765,1.5815,1.5125,2.417,2.879,0.606,0.7532,0.5045,0.4875,3.1225,0.9541,0.7273,0.8645,0.974255957942116,0,0.766326673664727,1
"105",0.8345,1.0895,1.1945,1.2305,1.8605,4.181,4.883,0.7244,0.702,0.3445,0.4305,1.5001,0.5485,0.6193,0.3083,4.18100017398089,0,0,1
"106",0.8525,0.5885,1.8005,1.5485,0.5795,2.063,2.435,0.6972,0.5156,0.1475,0.3525,2.6233,1.6405,0.8551,0.9185,0,0,0,1
"107",1.9565,1.7645,1.6685,1.5935,1.0715,2.675,2.015,0.8644,0.834,0.2845,0.1355,2.4361,3.7933,0.8029,0.5603,2.67500000000152,2.01500000097553,0,1
"108",0.6635,0.7805,1.9925,1.2125,1.8695,4.673,2.657,0.7044,0.6892,0.5685,0.1225,0.7435,0.3379,0.8659,0.5027,0,0,0,1
"109",0.7835,1.2785,1.7735,0.7115,1.0325,2.069,4.895,0.5612,0.5044,0.2285,0.2115,3.9961,0.1585,0.7993,0.9041,0.528370787501603,0,0.196543728257391,1
"110",0.5435,0.6725,0.8345,1.3145,0.8195,4.031,3.371,0.8332,0.5164,0.1565,0.3015,3.7153,3.9805,0.7237,0.6431,0.337188481887159,0.346198737547536,0.649264321553649,1
"111",0.5135,1.3415,1.5185,0.5075,1.4375,4.691,4.943,0.638,0.5108,0.4275,0.1585,3.5203,1.9525,0.2845,0.7601,0,0.31288064302486,0.756409096224702,1
"112",1.1555,1.9385,0.6275,1.9085,1.2125,2.411,3.875,0.838,0.8188,0.3605,0.3505,3.3721,0.3457,0.6049,0.3353,0,2.88370681566882,1.21075851162913,1
"113",0.9935,1.7405,0.8495,0.8255,1.5905,2.033,4.769,0.8908,0.8932,0.2425,0.3955,1.9213,0.8215,0.6679,0.8915,2.03300000224826,0,0,1
"114",1.4105,1.5455,1.2065,0.6905,1.7795,3.623,2.129,0.8612,0.6108,0.1125,0.4045,1.1335,2.5765,0.7489,0.7997,0.664759078526145,1.34942999994467,1.14813456563826,1
"115",1.3445,1.2125,0.5975,1.9145,1.0205,4.397,4.649,0.7556,0.6132,0.4685,0.4205,3.7309,1.5391,0.7183,0.4019,0,1.49990096971437,0.885112862818393,1
"116",1.0955,1.7225,1.9505,1.2515,0.6695,4.403,3.221,0.722,0.8036,0.4005,0.1045,1.9135,3.9259,0.7291,0.9365,0.363967911810732,1.03531797149326,0.932193082980225,1
"117",1.9385,1.4585,0.9065,1.6175,0.7625,3.599,2.477,0.7156,0.6348,0.4355,0.3995,2.2411,3.6217,0.7867,0.3515,0,0,2.44779028361956,1
"118",1.1945,0.5615,0.9755,1.6595,0.7985,2.159,4.271,0.706,0.7252,0.4405,0.2785,1.6249,3.3955,0.8389,0.8807,1.53441982060088,0,0.619942704923676,1
"119",1.2545,1.9055,1.0865,1.0235,0.6335,4.493,4.805,0.6196,0.5412,0.1655,0.5965,1.8823,2.2411,0.9559,0.8483,1.53043350438337,2.80644289946208,1.08814231780554,1
"120",1.7825,1.5815,0.6965,1.6835,1.3355,2.513,4.121,0.518,0.6692,0.1725,0.4885,3.5905,0.6109,0.5437,0.7313,2.51300000007301,0,0,1
"121",0.5465,1.3235,1.7075,1.3235,0.9395,4.967,2.651,0.61,0.6124,0.1095,0.4105,0.5563,3.4111,0.5239,0.6269,0,0.386538447458369,0.362603080728026,1
"122",0.7685,1.4345,0.5795,1.6445,1.2755,2.447,4.919,0.5644,0.806,0.5285,0.1105,2.5141,2.4127,0.6355,0.7133,0,0,0.932031877605028,1
"123",1.5725,0.6095,1.7795,0.9185,1.3385,4.787,4.907,0.6516,0.8308,0.5425,0.4995,2.5219,3.3565,0.3277,0.4271,0,0,0,1
"124",0.8405,1.1195,1.1465,0.8765,0.5195,2.093,3.167,0.6348,0.538,0.4015,0.4015,3.8791,2.0227,0.8191,0.3569,1.18588025579502,1.11716522964978,0.595859162101002,1
"125",1.3865,1.9175,0.5885,1.2905,1.4315,3.869,3.851,0.6476,0.5428,0.2065,0.2325,2.5453,2.7481,0.5707,0.0635,0,0,1.43157282799223,1
"126",0.7355,1.3475,1.4855,0.9965,0.5165,3.527,2.861,0.7564,0.6212,0.2165,0.5925,1.1959,3.7387,0.5095,0.4685,3.52700018137404,0,4.56781749671152e-09,1
"127",0.9875,0.8795,0.5915,0.9815,0.6155,2.441,3.275,0.7164,0.6316,0.1005,0.3725,3.2941,0.6577,0.9055,0.9077,0.439537602931147,0,0.279855080669084,1
"128",1.2155,0.9905,1.4825,1.6145,1.8185,4.349,3.317,0.774,0.5996,0.3785,0.5325,2.6311,1.9837,0.1729,0.5819,0,0,1.40921643829264,1
"129",1.3145,1.9415,0.7385,1.9655,1.5965,4.919,3.635,0.6068,0.7972,0.1545,0.5235,1.6327,3.9337,0.8785,0.4703,4.91900000000033,0,4.09003467754223e-14,1
"130",1.2905,0.6515,1.4045,1.6025,0.7175,4.469,3.071,0.7516,0.5948,0.5605,0.3625,0.8605,0.6031,0.8605,0.1139,0,0,0,1
"131",1.7375,0.8225,1.5245,0.5435,0.8795,4.259,3.683,0.7916,0.8484,0.2035,0.2555,0.4393,0.3223,0.5383,0.6647,1.79656629376187,0,0.830196930602102,1
"132",1.1165,1.1345,0.7145,1.4825,1.7495,3.641,4.205,0.558,0.6972,0.2385,0.4725,2.6857,3.8791,0.6301,0.2003,0,0.40661735606825,0.71101779623363,1
"133",1.8755,0.9695,0.9905,0.5525,1.8785,4.697,4.529,0.5108,0.7644,0.5485,0.3375,1.1179,2.0929,0.3205,0.6485,0,0,0,1
"134",1.1015,1.0175,1.0955,1.1285,0.9665,4.823,4.661,0.5044,0.8204,0.2755,0.1065,0.1819,0.6655,0.7615,0.3101,0,1.54775064916153,1.07644885596584,1
"135",1.7885,1.3865,1.2425,1.4555,1.5485,2.729,2.321,0.8636,0.8436,0.4855,0.5075,0.6577,1.7575,0.8569,0.5855,2.21196578130877,1.71482458752912,1.29748442078336,1
"136",0.7775,1.4375,1.6205,1.9445,1.3505,4.433,2.795,0.614,0.7244,0.4695,0.1975,0.7981,0.4081,0.5671,0.4001,0,2.26913024049848,0.736494032859358,1
"137",1.1255,1.5725,1.7525,1.0415,0.6725,4.517,3.281,0.8404,0.57,0.3065,0.5795,1.7965,2.0071,0.6265,0.0743,0,3.28100000156373,0,1
"138",1.4825,1.8605,1.2575,1.8845,1.7945,2.789,2.465,0.83,0.8924,0.2325,0.3615,3.5671,1.9915,0.9361,0.3551,2.78900022741229,2.46500012926008,0,1
"139",1.5485,1.4315,0.7565,1.0535,1.3115,2.597,4.955,0.562,0.7988,0.5495,0.4795,1.7653,2.9977,0.5761,0.7907,0,0,1.59142890561451,1
"140",1.7135,1.6565,1.5665,1.2815,0.6845,4.505,3.473,0.7932,0.7372,0.3385,0.3735,0.9073,3.8245,0.3781,0.4397,0,0,1.90849161940138,1
"141",1.8605,0.7565,0.7775,1.9295,1.2875,4.985,4.823,0.7324,0.5628,0.5505,0.5815,1.3597,3.0289,0.6985,0.5981,1.47672363365746,0,2.10258997801429,1
"142",1.4045,0.5015,1.4915,1.9355,0.7565,3.971,4.133,0.8716,0.8052,0.2365,0.2095,2.3191,3.3409,0.6103,0.8825,0,0,0,1
"143",1.6265,0.9035,1.0265,0.8555,1.9025,4.175,2.279,0.8108,0.7956,0.4525,0.1715,0.1351,3.1615,0.8443,0.6665,0,0,0,1
"144",1.4525,1.8335,0.6125,1.4585,0.8225,4.547,2.915,0.8932,0.77,0.5905,0.5455,2.8651,3.9181,0.4537,0.9167,0,2.91500000130935,0,1
"145",0.7205,0.6995,0.9335,1.7435,0.5435,3.347,2.171,0.658,0.578,0.5195,0.2965,3.2239,1.0711,0.2089,0.5909,0,0.377926422176337,0.469390710807703,1
"146",0.9485,0.6935,1.3115,1.7285,1.6655,3.353,3.407,0.6276,0.8268,0.5945,0.2505,2.5297,2.7637,0.3997,0.2903,0.405158197248263,0,0.966748307417072,1
"147",1.6145,1.4075,1.6535,1.9595,1.3295,4.301,2.525,0.6708,0.5244,0.2645,0.2575,3.0913,1.4065,0.7723,0.4811,0.827959600278175,0.907903226003069,1.66279719604983,1
"148",1.5425,1.9265,1.4795,0.5735,1.9175,2.183,2.087,0.8172,0.642,0.2615,0.2685,3.0289,2.0539,0.2431,0.6593,2.18300000018479,2.0870000037172,0,1
"149",1.2875,1.3355,0.8675,0.5045,1.8095,3.227,3.947,0.7804,0.7108,0.2945,0.3035,2.7715,2.9743,0.9073,0.5531,0,0.700556801569243,0.81684401595267,1
"150",0.6035,1.6265,1.2995,0.7625,1.2395,2.399,2.603,0.7052,0.8748,0.3375,0.5445,3.1927,3.8713,0.4429,0.2021,0,2.60300002264351,0,1
"151",1.3205,1.6235,0.7925,1.2065,0.8615,2.387,3.347,0.7652,0.5764,0.5035,0.5125,3.9571,3.0055,0.5023,0.4847,0,0,3.2583933555462,1
"152",1.3265,1.2815,1.5875,0.7325,1.0565,2.255,3.485,0.754,0.7204,0.3985,0.1795,1.0165,3.2239,0.3961,0.3641,0.653640650006076,0,0.64722534672175,1
"153",1.0385,1.7675,1.2905,1.3955,1.1255,3.611,2.783,0.7676,0.5932,0.2175,0.4655,2.7793,0.6187,0.4555,0.8231,0,1.93150331026186,0.866210680732486,1
"154",1.8425,0.7985,0.9485,0.6425,1.6835,4.913,2.831,0.5268,0.7812,0.3205,0.2875,2.3347,0.5719,0.5185,0.9419,0.615838910854307,0,0.351618860540794,1
"155",0.6785,1.8035,1.6655,1.3115,1.1465,3.497,3.155,0.7108,0.6044,0.4485,0.1895,1.5235,3.4189,0.7957,0.8357,0.817012217450055,1.26524073749355,1.3935319808823,1
"156",1.3985,0.6905,0.6605,0.7865,1.2005,3.647,2.981,0.8156,0.7852,0.4075,0.4175,3.0679,0.7669,0.3979,0.2111,0,0,0.904092736217715,1
"157",1.1405,0.6125,1.9745,1.6625,1.2545,4.079,4.553,0.81,0.8428,0.1265,0.1725,3.7231,0.9307,0.6535,0.4145,0.384496887640649,0.756454910316937,1.73814761242589,1
"158",1.5245,0.5345,0.5555,1.5845,1.7675,2.165,4.109,0.5028,0.6564,0.4615,0.3445,1.7263,3.6373,0.3043,0.8951,2.16500000006264,0,0,1
"159",1.3925,1.0415,0.9425,1.8065,1.8665,3.521,3.497,0.8188,0.634,0.1895,0.5645,1.0711,2.0695,0.3259,0.6863,0.401915167015773,0,1.61594656841577,1
"160",0.9065,1.1405,0.6935,1.6055,0.8555,4.835,3.773,0.5764,0.774,0.1105,0.1875,0.5485,3.0835,0.3169,0.7385,7.98662824991733e-23,0.143822445843951,0.289059213345765,1
"161",1.5815,0.5465,1.2125,1.9625,1.4015,4.379,3.509,0.5828,0.614,0.2315,0.5955,3.1303,3.1849,0.5203,0.9221,0,0,1.09538197707126,1
"162",0.9185,1.0775,1.6355,1.6325,0.7685,4.511,3.245,0.7476,0.5844,0.4335,0.3745,3.9259,2.2099,0.5689,0.8177,0.262155319819517,0.789910513773936,1.00150612472684,1
"163",1.8065,0.9215,0.6635,1.1045,0.5285,4.367,4.595,0.594,0.7076,0.2055,0.1985,2.6545,2.0773,0.6571,0.0869,0,0,1.47340741928798,1
"164",1.6685,1.2275,0.6065,1.3025,0.5225,2.039,3.779,0.8836,0.6148,0.5435,0.2985,2.4985,0.4861,0.2197,0.0905,0,0,3.51560547020259,1
"165",1.4555,1.7375,1.8965,1.8935,1.0805,3.107,2.819,0.8652,0.7036,0.5835,0.4355,0.3613,1.1101,0.7921,0.4919,3.10700000035325,2.819,0,1
"166",0.7985,1.2035,1.5515,1.1105,1.5095,2.393,3.287,0.7684,0.542,0.2855,0.4405,1.2427,3.2395,0.2971,0.1373,0,0.223073751406164,0.5726072621202,1
"167",0.9725,0.7235,0.8045,0.8495,1.0265,3.803,2.681,0.7268,0.8916,0.3545,0.2475,1.3753,2.6389,0.4447,0.7655,0,0.215622856093475,0.408078045101342,1
"168",0.5915,1.6055,1.4945,0.9515,0.9305,4.709,4.001,0.6892,0.8788,0.4465,0.3905,0.2131,0.9775,0.3007,0.5315,0,0,1.77009672225633,1
"169",1.8365,1.1705,1.3415,1.2005,1.6265,3.893,4.139,0.8092,0.5436,0.1015,0.1845,0.9385,3.8167,0.7219,0.4937,1.04522080524187,0,1.02889485113527,1
"170",1.3235,0.6005,1.7855,1.1465,0.5945,2.915,3.887,0.506,0.8884,0.1615,0.2885,3.3877,3.2941,0.5365,0.3587,0.449475550668832,0.152297661063127,0.55513907080849,1
"171",1.9865,1.6745,0.7955,0.6065,1.8155,3.467,2.627,0.7004,0.7292,0.1185,0.4665,1.9759,2.1397,0.3223,0.2453,3.46700000056094,2.627000000155,0,1
"172",1.5785,1.8695,1.8155,1.1195,0.5765,4.055,3.011,0.8684,0.5276,0.5665,0.5425,0.5719,1.9447,0.3385,0.6611,0,0,2.81942684589128,1
"173",1.1975,1.9865,0.8135,1.2785,1.4435,3.533,2.135,0.698,0.8772,0.5335,0.3815,2.7559,3.0211,0.4609,0.2255,0,2.13500000076371,0,1
"174",0.9155,1.6325,1.2245,0.7925,0.5915,2.369,3.503,0.5588,0.7476,0.3595,0.4425,3.6529,0.4939,0.9505,0.3623,2.3689997449366,3.50299982440394,2.04217607016689e-07,1
"175",1.2515,1.9325,1.0415,1.4285,1.9085,2.717,4.289,0.5884,0.606,0.2185,0.2135,0.2989,2.1475,0.5293,0.0797,0,0,1.43935969415056,1
"176",0.9305,1.2215,0.6095,1.3205,1.6745,3.821,4.949,0.7468,0.546,0.1875,0.3655,3.0445,2.4205,0.9307,0.1787,0,4.94900127284368,0,1
"177",0.8165,1.8575,1.1405,0.5555,1.1075,3.065,3.059,0.5636,0.8556,0.5625,0.1525,1.2895,1.3987,0.1333,0.3983,3.0650000003766,3.05900000001366,0,1
"178",1.7525,0.9965,0.7445,1.7915,0.7025,4.457,4.505,0.678,0.53,0.5275,0.2255,3.3097,0.6421,0.1549,0.9023,0,0,0.615883755235282,1
"179",1.5155,1.0595,0.8645,1.7675,1.3145,4.865,3.095,0.7412,0.51,0.3835,0.1295,0.6889,0.1975,0.6589,0.5945,4.86500000938288,0,0,1
"180",0.8255,1.1105,0.5645,1.2455,1.3325,3.383,3.137,0.7924,0.8468,0.2345,0.4595,3.2083,0.1117,0.8587,0.2777,0.452848990260416,1.75954537171417e-21,0.450804398838466,1
"181",0.6605,1.9685,1.4465,1.2575,1.1195,3.413,2.459,0.6548,0.8692,0.4835,0.5045,3.3487,0.3769,0.6967,0.3011,3.41300000553038,2.4590000000218,0,1
"182",0.6515,1.2185,0.5435,1.8245,1.1435,2.771,4.331,0.7868,0.5596,0.5815,0.3915,2.4907,0.2053,0.2539,0.1643,0,0,0,1
"183",1.7345,1.4855,1.1255,1.0115,0.8465,4.817,4.295,0.702,0.5076,0.1575,0.2655,0.1975,1.5781,0.9199,0.5675,0,0,0,1
"184",1.2575,1.3505,0.6515,1.2665,0.8945,2.153,3.479,0.874,0.6324,0.3465,0.2565,2.1007,3.8089,0.1045,0.2237,0,0,2.76119657223862,1
"185",1.9235,0.8975,1.4975,1.9535,1.3805,4.565,2.207,0.7316,0.726,0.5775,0.4035,2.4439,0.7747,0.7039,0.9203,0,0,0,1
"186",1.6205,1.7945,0.5735,1.8635,1.1945,4.769,3.899,0.5444,0.5468,0.5455,0.1565,2.5765,2.1631,0.6121,0.2273,0,0,0.486729554075927,1
"187",0.8945,0.6395,0.7625,1.1705,1.4555,2.579,3.749,0.7668,0.734,0.4085,0.3075,1.2349,2.2255,0.3655,0.1067,0,0.264205992413182,0.71783598027814,1
"188",1.7225,0.5375,1.1645,0.5495,0.8075,3.293,2.699,0.634,0.5524,0.4625,0.3825,3.4111,2.1007,0.2575,0.2849,0,0,0.812920460667344,1
"189",0.6305,1.4285,1.1555,1.7735,1.3565,2.831,3.599,0.7844,0.8612,0.3655,0.5145,2.1241,2.3971,0.8497,0.1265,0,0.835956248234658,0.882363763508049,1
"190",1.7705,1.2065,1.7465,1.6355,1.5815,4.877,3.515,0.8084,0.5372,0.4035,0.1245,3.4735,2.5843,0.5617,0.6251,0,0,1.4751107123127,1
"191",1.2065,0.8645,1.4585,0.5975,1.4705,3.203,4.355,0.782,0.6076,0.1485,0.2025,3.1537,0.8293,0.1855,0.5441,1.9262565918214e-22,0.392400700678425,1.71973152817696,1
"192",1.0415,1.1435,1.2875,1.1015,1.8935,2.423,4.067,0.8116,0.6988,0.2795,0.1915,2.8807,1.5859,0.6715,0.7709,0,4.06700000294601,0,1
"193",1.5995,0.6575,0.8915,1.5785,1.6535,2.951,3.611,0.6092,0.8524,0.2455,0.4285,0.7279,0.7123,0.2665,0.8573,0,0,4.8567378899869,1
"194",1.4705,1.0625,1.5725,1.2245,1.7915,3.923,3.443,0.8788,0.782,0.3435,0.1645,1.4221,1.0789,0.4951,0.1463,0.491224527033854,7.90753369925735e-23,0.933977711691943,1
"195",1.8845,0.7505,1.7195,1.1075,1.4045,4.889,4.667,0.8356,0.6588,0.2965,0.4985,2.5921,1.1725,0.9631,0.1481,2.34595889235973,1.49435570671177,2.148512867253,1
"196",1.7315,1.6625,1.1195,1.3985,1.8575,2.297,3.581,0.7716,0.6532,0.5985,0.4465,2.1787,1.2193,0.7309,0.9005,2.29700000982224,0,0,1
"197",1.2215,0.9995,0.7505,1.5515,1.6445,2.711,3.539,0.5492,0.822,0.1905,0.1955,3.9103,1.6249,0.8227,0.4361,0,0.765785039100039,0.985993491084091,1
"198",1.4765,0.7325,0.7655,0.8375,0.6665,4.631,2.975,0.6484,0.7084,0.2155,0.2315,0.2521,1.8823,0.9091,0.9131,0,0,0,1
"199",1.8515,1.1645,1.4015,1.7585,1.9715,2.639,3.161,0.8924,0.6852,0.2275,0.4145,1.1647,1.6951,0.3241,0.5099,0,0,6.66920157701781,1
"200",1.4585,0.8615,1.8905,1.9205,0.5255,4.961,3.809,0.5084,0.5196,0.3285,0.5095,0.9541,0.2911,0.1099,0.9275,0,0,2.21323421961883,1
"201",1.0865,0.9335,1.4885,0.9905,0.7205,4.883,4.745,0.6668,0.7748,0.1375,0.2245,2.4673,2.9197,0.6481,0.9347,4.88300029673545,0,0,1
"202",0.9095,1.8275,1.3805,1.7225,1.3625,4.583,4.517,0.6748,0.5364,0.1405,0.1865,2.7481,1.7263,0.7471,0.9293,0,4.51700000658098,0,1
"203",0.5675,1.2335,1.1975,0.9365,0.7415,3.371,4.931,0.5068,0.6092,0.4115,0.3475,1.1491,3.3253,0.1801,0.6719,0.362226478600824,0,0.852003965738107,1
"204",1.6235,0.7205,1.9415,1.1945,1.2185,2.549,3.131,0.7076,0.7028,0.5005,0.3235,1.5469,2.1163,0.9577,0.6323,2.54900000124138,3.13100000733393,0,1
"205",1.3085,1.3265,1.3715,1.0145,1.7345,4.595,4.427,0.5164,0.7428,0.3365,0.2905,0.4783,1.7653,0.4789,0.5747,0,4.42700077736736,0,1
"206",1.4645,1.0085,1.9025,1.4195,1.8305,3.671,4.385,0.5436,0.6068,0.3005,0.3215,2.9431,2.8417,0.8209,0.0887,1.95571264812903,0.48403660428293,1.44162522717984,1
"207",1.2125,0.7145,0.9455,1.4225,0.9605,2.609,4.979,0.6124,0.5292,0.3775,0.1495,1.3363,3.2785,0.8461,0.4181,1.7220957205525,0.833962681957881,1.0198227645402,1
"208",1.3295,0.8525,0.9005,0.8855,0.9515,3.695,3.341,0.7188,0.8988,0.5545,0.3025,3.9025,0.2287,0.7777,0.1733,0.692999003589113,1.31663215690197e-20,0.460801130422577,1
"209",1.8395,1.5695,0.6785,1.7555,1.7555,2.465,4.577,0.6876,0.8732,0.1115,0.3415,2.5531,3.6061,0.6841,0.8969,0,0,0.61433902997234,1
"210",1.3715,1.7555,1.1045,1.4105,1.6235,2.495,3.725,0.7396,0.8676,0.4705,0.1255,2.1397,2.4361,0.9397,0.2489,1.47635733957386,0,0.669150126138939,1
"211",1.0655,1.1765,1.9235,0.9095,0.7745,3.737,4.199,0.5484,0.5476,0.5235,0.1215,0.9697,0.6967,0.7111,0.0527,0,4.19900000369938,0,1
"212",1.3745,0.7025,0.7745,0.7655,1.8245,4.481,3.035,0.6644,0.862,0.3215,0.5195,0.7747,1.1647,0.9001,0.5153,3.09816731908007,0,0.540236560556664,1
"213",1.7795,0.5585,1.3175,1.6775,1.1735,4.067,2.771,0.5292,0.6572,0.2695,0.5715,3.1381,3.5047,0.1927,0.1391,0,0,1.28248240229595,1
"214",1.6985,0.8705,0.9515,1.2395,1.8875,4.487,2.297,0.7012,0.5892,0.1045,0.4945,1.6873,0.8527,0.1693,0.1859,0,0,1.9814457617518,1
"215",1.2485,1.0565,1.1615,1.0445,1.2425,4.307,3.353,0.5748,0.8852,0.5695,0.1625,1.8433,0.5563,0.2683,0.4235,0,0.573066833194844,1.94770516479618,1
"216",1.8545,1.2755,1.7585,1.2185,1.9355,3.431,4.391,0.5812,0.8044,0.2335,0.4245,3.8401,0.2989,0.1945,0.3839,3.43100000067689,0,0,1
"217",1.0805,1.5155,1.5995,1.3715,0.9485,2.489,4.247,0.8308,0.6372,0.1745,0.4735,3.4657,1.1881,0.6733,0.2723,0.695727913808507,0.622156810493593,1.32495296874158,1
"218",0.8795,0.5915,1.6445,0.7145,1.6355,4.577,2.123,0.878,0.618,0.3355,0.1075,2.8105,2.4283,0.4717,0.6125,0.120944415222182,0.417828545395485,0.875698103351272,1
"219",1.8125,0.8855,1.4285,1.7795,1.0685,4.199,2.591,0.6148,0.5284,0.2635,0.5595,0.2053,1.4221,0.9541,0.0833,0,0,0,1
"220",0.9635,0.5945,1.2005,1.9925,1.1855,3.437,3.257,0.6444,0.666,0.5865,0.5315,3.8323,3.0523,0.9865,0.6341,0,0,0,1
"221",1.2335,0.8015,1.4735,1.0775,1.6985,3.179,3.227,0.5772,0.5972,0.3935,0.4295,1.8901,2.6155,0.2053,0.1679,0.218806422074904,0,0.61722616368504,1
"222",1.8905,1.7465,1.9385,0.6875,0.5825,3.983,2.867,0.5004,0.5564,0.1935,0.1635,2.9509,0.7045,0.8299,0.2741,1.69860835402629,1.66455715136536,0.676489821293467,1
"223",1.3175,0.9845,1.0115,1.8335,1.3445,2.219,2.417,0.6308,0.6548,0.3855,0.2585,3.5983,3.5281,0.3889,0.0689,0,0,0,1
"224",1.7765,0.7175,0.7865,0.8195,1.4585,2.537,2.033,0.77,0.5956,0.5255,0.4755,0.5173,3.5983,0.5257,0.6197,1.4118528184482,0.80301174501276,1.554390620551,1
"225",1.7195,1.9145,1.2605,1.3775,1.2695,2.591,2.387,0.8532,0.714,0.3075,0.3365,2.5063,1.5157,0.9415,0.6035,0,0,4.58626260729344,1
"226",1.2785,0.5705,1.4555,1.0685,1.5005,3.275,4.091,0.8324,0.518,0.5155,0.2855,1.3519,1.3441,0.2521,0.7781,0,0,1.58142917867722,1
"227",1.5875,0.7295,1.8695,0.9125,0.9245,4.109,3.383,0.5788,0.698,0.4215,0.3565,0.1897,0.8605,0.2791,0.7745,4.10900000253895,0,0,1
"228",1.1465,1.7435,1.4765,1.9985,0.9695,4.121,2.291,0.5692,0.6476,0.3425,0.1435,3.7777,3.4423,0.5851,0.1751,0,0,1.31101899648772,1
"229",1.7255,1.9805,1.6745,0.6275,1.3925,2.855,4.361,0.6316,0.5316,0.2655,0.3325,3.4345,3.9103,0.6553,0.9329,0,0,2.3006941744052,1
"230",0.5615,1.3445,1.3865,1.3175,1.0085,4.763,3.767,0.63,0.7276,0.1675,0.3585,2.6389,1.8433,0.8047,0.8141,0.424479051805121,1.40328359480296,1.20175170685425,1
"231",1.3655,1.0325,1.3475,1.4495,1.6295,4.643,2.849,0.6508,0.6956,0.2725,0.4615,2.6779,3.7699,0.2395,0.8033,0,0,1.45670681474214,1
"232",0.8735,1.0505,1.0085,0.5795,0.8375,2.003,4.403,0.6036,0.7004,0.4985,0.3885,3.5749,0.9619,0.7543,0.4487,0.621616500880754,2.07939313953981,1.0521691894916,1
"233",0.8915,1.9355,0.9245,1.1855,1.9115,4.685,3.065,0.566,0.6596,0.5185,0.4435,1.1569,1.7965,0.3799,0.0959,0,3.06500000060774,0,1
"234",1.0145,1.8485,0.6545,0.5705,1.5545,2.993,4.913,0.654,0.682,0.1855,0.4215,2.8417,0.3067,0.1243,0.6629,0,4.91300000000055,4.7790581611713e-13,1
"235",0.8285,1.5095,1.8545,0.9455,1.6475,4.091,2.099,0.5804,0.6732,0.2245,0.4075,0.8839,2.4595,0.9991,0.1589,0,1.52676265132345,0.462057325825322,1
"236",0.7805,1.0535,1.6295,0.6125,0.9845,3.911,4.613,0.7596,0.8164,0.2865,0.3255,1.7731,1.4767,0.4519,0.4127,0.361061479048111,0.482992689595616,1.1065164643337,1
"237",1.9145,1.3565,1.8275,1.3805,1.7405,4.991,3.935,0.818,0.8372,0.1815,0.5895,2.7949,3.4891,0.3295,0.7205,0,0,1.79493184623227,1
"238",1.2635,1.4465,1.7645,0.6215,1.6085,3.755,2.741,0.8076,0.6284,0.4725,0.5755,3.3955,0.8371,0.7759,0.4595,1.17433350423359,2.3233944216941,0.983228536052854,1
"239",1.2455,0.7745,1.2845,0.9155,1.4825,2.645,2.363,0.6684,0.7444,0.5595,0.4585,1.5157,3.3097,0.2863,0.8735,6.69532813091877e-22,0.141084444069287,0.511355201648715,1
"240",1.8665,0.6065,1.0595,1.7315,0.7715,2.849,2.237,0.8284,0.7916,0.3245,0.1745,0.4159,0.3535,0.4771,0.3335,1.70306269350363,0,2.05945456075035,1
"241",1.6355,1.5905,1.8425,1.4315,1.0145,4.739,4.991,0.7708,0.874,0.4655,0.2795,2.7091,0.7903,0.7741,0.8015,0,0,0.409221147024955,1
"242",1.4345,1.9745,1.2485,1.4465,1.9835,2.969,3.521,0.7692,0.5612,0.5095,0.2345,1.2193,3.6295,0.7003,0.2525,0,0,3.76487639051945,1
"243",1.0685,1.0835,1.3895,0.7565,0.6905,2.687,2.777,0.53,0.514,0.2575,0.2815,1.9993,2.2801,0.3367,0.3659,0.481103200535485,0.246612638726282,0.707194387785786,1
"244",0.6875,0.7445,0.6845,0.9245,1.9595,4.955,4.055,0.5116,0.6412,0.5535,0.4025,1.9057,2.9587,0.4627,0.1211,0,0.343733808651561,0.854265325848891,1
"245",1.2665,1.1585,1.0325,0.8885,1.1885,4.973,4.721,0.5716,0.8148,0.5075,0.5435,1.6561,3.6841,0.6319,0.7295,0,0.363883276158447,0.514670346891214,1
"246",1.9505,1.8305,1.5635,1.2965,1.0895,2.177,2.729,0.7532,0.6668,0.1635,0.2185,3.8557,2.7013,0.3313,0.5621,2.1770010293889,2.729,0,1
"247",1.3895,1.8815,0.7355,0.9635,0.9815,3.005,4.733,0.858,0.802,0.5805,0.2805,0.8527,2.2021,0.2899,0.6827,0,0,1.66704366203928,1
"248",1.4285,1.5845,0.6815,1.8905,1.2155,4.811,2.945,0.534,0.6876,0.4325,0.5915,3.4189,2.2723,0.5995,0.6071,0,0.792291225817612,0.807395840893429,1
"249",1.6385,1.6595,1.3595,1.7255,0.6755,3.335,2.963,0.5564,0.5252,0.1085,0.3205,1.9603,3.8479,0.8713,0.8717,0.929897916956041,1.09910141712722,1.02045781570581,1
"250",1.6595,1.3985,1.2635,0.6455,1.1915,4.679,3.647,0.5796,0.5012,0.3975,0.5865,1.2505,1.7185,0.7525,0.2885,4.34822702383512,3.28894163346612,0.409084836741086,1
"251",1.7915,0.8135,1.9295,1.9025,1.1975,2.519,3.305,0.554,0.854,0.1995,0.5065,2.8027,0.8137,0.3673,0.7979,2.5190000074406,0,0,1
"252",1.4405,1.5185,0.9725,1.2335,1.0055,3.341,3.659,0.7436,0.5772,0.3535,0.3225,1.3285,2.5531,0.4339,0.1175,3.34100000001957,0,4.19701723954197e-16,1
"253",0.7715,0.7385,0.5585,0.8345,1.3835,2.429,2.993,0.8756,0.5396,0.2625,0.2445,0.9619,2.1553,0.6823,0.1661,0,0.849215227825597,0.665530520266687,1
"254",1.9115,0.6245,1.4375,1.5005,1.6685,2.045,2.153,0.642,0.8084,0.5795,0.1095,1.3441,3.2707,0.5167,0.2813,1.12215919571235,0,0.944105747980718,1
"255",1.8695,1.7795,1.4165,1.1915,0.9755,4.721,2.789,0.6652,0.7044,0.3555,0.3095,2.9353,0.5173,0.5113,0.3389,0,1.8097528489823,0.853952864726983,1
"256",1.5575,1.2575,1.2695,0.5225,1.2365,3.161,2.141,0.7644,0.8212,0.1435,0.5465,0.7201,2.6779,0.7021,0.0581,3.16100022410708,0,0,1
"257",1.8245,1.2095,1.4135,1.4075,1.7825,4.781,3.185,0.6084,0.8292,0.3515,0.1145,3.7387,2.4049,0.5329,0.1499,0,0,1.81387245132789,1
"258",1.7855,0.6275,1.9355,0.5285,1.3055,3.863,2.669,0.6868,0.6812,0.2585,0.4505,0.2677,2.5063,0.8155,0.1445,3.60177999705134,1.25635882803221,0.833549702700827,1
"259",1.9085,0.8285,1.8095,0.9755,0.8405,2.963,2.411,0.5012,0.742,0.4425,0.5375,0.2365,0.1273,0.2377,0.1103,0,0,0,1
"260",1.1735,1.2725,0.5615,1.0895,0.5315,4.475,4.085,0.8572,0.5988,0.4495,0.4225,0.4003,3.6451,0.6373,0.5045,0,0.530548815533738,0.230540369969382,1
"261",0.5495,0.5195,1.6145,1.4645,1.8485,4.871,4.571,0.538,0.8196,0.3405,0.4845,1.6795,3.7231,0.1909,0.1535,0,0.0705182865675759,0.551017012784654,1
"262",1.8335,1.2485,1.0385,1.4705,1.1525,2.705,2.633,0.8348,0.5084,0.5015,0.4865,1.7341,3.9649,0.4753,0.8789,2.70500000000021,2.63300006277341,0,1
"263",1.1885,1.3955,1.2935,0.6545,1.8905,2.933,4.925,0.8492,0.5884,0.4585,0.2675,0.6733,1.9681,0.1495,0.7097,0,0,1.73918720003853,1
"264",0.8705,0.7895,1.3655,1.1585,1.8215,3.677,3.047,0.7588,0.5548,0.4545,0.4135,2.3581,0.1429,0.6895,0.7583,0.656447720899446,0,0.687514657601293,1
"265",0.8195,1.5125,1.9715,1.6265,1.1405,2.987,2.501,0.822,0.6724,0.5525,0.3185,3.6607,3.3877,0.6085,0.9239,2.79528559097916e-22,0.375309475029106,0.402011324226691,1
"266",0.5255,0.6215,0.6695,1.1975,0.8645,3.689,2.987,0.7388,0.6492,0.1885,0.4575,3.0835,3.0913,0.3439,0.2345,3.68900000000527,0,0,1
"267",1.4795,1.5065,1.3775,0.5825,1.9685,4.445,2.933,0.7756,0.8764,0.1685,0.5535,3.7075,1.9369,0.1675,0.7367,0,0,4.43711604510328,1
"268",1.7015,1.7585,0.7295,0.6155,1.5215,3.977,3.869,0.666,0.7068,0.4165,0.3575,3.2317,0.6811,0.4231,0.5279,0,1.11818958416441,2.02070466985521,1
"269",1.4855,1.8065,0.7175,1.7645,0.6245,2.327,3.707,0.71,0.8724,0.3915,0.5515,1.3987,1.0945,0.9847,0.3731,2.19223067214911,2.7180996211315,0.562712371387622,1
"270",0.5765,1.7495,1.0475,0.9935,1.4645,4.337,4.643,0.7908,0.6932,0.2605,0.4065,0.6499,1.4611,0.5347,0.7169,3.82667123882054e-20,0.769069226070338,1.21830603406593,1
"271",1.3805,1.3625,1.1795,1.5095,0.5375,3.323,4.493,0.6428,0.7356,0.3045,0.2975,2.2801,3.4267,0.1207,0.0599,0,4.4930000000639,0,1
"272",1.4915,1.4825,1.6955,0.7475,0.6935,3.785,4.079,0.5756,0.7404,0.2675,0.3795,2.8885,1.7419,0.9109,0.3857,1.1512327161864,1.1482381597284,0.84343816521787,1
"273",1.5965,1.0205,1.3205,1.0325,0.8915,2.663,4.049,0.7428,0.6756,0.3275,0.1515,0.5251,3.0601,0.8677,0.3965,2.15465532963925,0.864222631391431,0.83538813144485,1
"274",0.6845,1.4165,0.8435,0.6515,1.1135,2.873,2.357,0.79,0.746,0.1665,0.1685,0.8449,1.3363,0.6607,0.8105,0.625699234925195,1.43936530851868,1.0858072532555,1
"275",0.7325,1.3685,1.7675,1.5065,1.1285,3.365,4.817,0.6764,0.5116,0.5145,0.3675,2.8495,1.2973,0.4141,0.7349,0.256501100547614,1.00282787368651,1.69014692399765,1
"276",1.6775,1.4225,0.7415,0.5015,1.3235,4.439,2.921,0.5876,0.7092,0.5105,0.5385,2.4595,1.5469,0.4465,0.6557,1.28774239665752e-20,0.615756673039799,1.02156404972746,1
"277",1.5215,1.5875,1.9325,1.8575,1.5785,3.797,2.117,0.59,0.8756,0.5415,0.2435,3.7699,1.4923,0.9973,0.0851,0,0,1643.92002319532,1
"278",0.7895,0.6845,0.6485,0.7205,1.9475,4.649,2.447,0.5668,0.5308,0.5065,0.3755,3.7543,3.1459,0.9235,0.3371,4.64900000004874,2.44700000000727,0,1
"279",1.6535,0.7775,0.6425,1.4375,0.9965,2.777,4.367,0.8948,0.55,0.3145,0.2455,1.2037,2.9821,0.9739,0.6539,2.7770001202537,0,0,1
"280",1.3955,1.5605,1.1075,0.7265,1.1795,4.949,2.585,0.7628,0.6628,0.2435,0.1315,0.8371,3.5359,0.3709,0.4199,0,0,1.40716829209605,1
"281",1.1915,0.9515,1.8365,0.8825,1.6205,3.047,2.483,0.5676,0.5068,0.5365,0.3845,1.7185,3.5203,0.4393,0.4433,0.614989766107193,0.450257782984733,1.24881617025027,1
"282",1.1345,0.8675,0.8465,1.1255,1.7285,3.017,3.905,0.8732,0.6772,0.2825,0.5835,2.8183,1.4533,0.3493,0.2129,0.160021099232734,0,0.426353286115323,1
"283",0.5555,0.5495,0.5705,1.1135,1.4915,4.799,3.377,0.5148,0.786,0.3715,0.3485,2.3815,1.2427,0.4699,0.2921,0.600888989633319,0.598594408636713,1.86991686751076,1
"284",0.7655,0.5255,0.9635,0.9875,1.7375,2.843,2.495,0.6836,0.7652,0.1295,0.5935,0.1273,2.2489,0.4663,0.5513,0,0.424496748906238,1.00441715076813,1
"285",0.5945,1.0685,1.5815,1.0205,1.6805,3.485,3.587,0.7036,0.5324,0.5575,0.2145,2.2645,3.1693,0.3421,0.2219,3.48500000037893,0,0,1
"286",1.0775,1.8755,1.5695,1.4975,0.6215,4.667,3.149,0.8764,0.8172,0.3815,0.2835,0.5407,1.1023,0.6661,0.5693,0,3.14900400088362,0,1
"287",1.2995,1.7975,1.4345,1.5575,1.1585,3.287,4.145,0.5468,0.6268,0.4435,0.4265,1.6639,2.9665,0.4069,0.4721,0,0,1.86476695106217,1
"288",0.8765,1.6835,0.6305,1.0925,1.6325,2.225,2.747,0.8124,0.7468,0.1765,0.5575,1.9447,0.3613,0.8731,0.2399,2.2249999999988,2.74699999999931,2.3439509561896e-12,1
"289",1.0535,1.6175,1.1735,1.2035,1.9805,2.927,3.617,0.7196,0.6428,0.4375,0.4095,1.9837,1.3051,0.5005,0.5297,0,0.875869996504221,1.68836914618188,1
"290",1.9055,1.6025,1.8245,1.6235,0.9365,3.707,3.323,0.6788,0.6116,0.3255,0.4695,2.2957,3.2161,0.4357,0.1247,0,0,3.37558683161303,1
"291",1.5395,0.7265,1.8755,1.5035,1.8125,2.405,3.437,0.5924,0.6012,0.5475,0.4195,3.8089,2.3893,0.9649,0.9059,2.40499998791954,0,1.52531065514164e-08,1
"292",1.8635,1.7705,1.1495,0.6635,0.6635,4.793,3.629,0.8668,0.6084,0.2515,0.1345,1.6483,0.5329,0.6445,0.5225,0.821581224169417,1.74356950964061,1.1748459691814,1
"293",1.6415,1.9535,1.1315,0.8105,1.3085,3.131,2.231,0.542,0.506,0.2495,0.4565,2.4049,0.9073,0.3745,0.5081,0,0,9.24311584283349,1
"294",0.9365,0.9365,0.5165,1.6475,0.7265,2.315,2.381,0.6964,0.6436,0.2135,0.2295,0.5953,3.5827,0.3187,0.8339,0.851999506574598,0,1.93836224791637,1
"295",1.3685,1.9295,1.5425,1.0505,1.7135,2.207,4.679,0.5964,0.5788,0.4605,0.2225,2.8963,2.1319,0.1783,0.5963,0,0,3.62981950327582,1
"296",1.8725,1.7075,1.0205,1.6385,0.5135,2.135,2.159,0.5684,0.7892,0.4735,0.2155,1.0399,3.1927,0.9469,0.9383,2.13499999995365,2.15900000007003,1.64924454322047e-10,1
"297",0.9425,1.8005,1.4255,1.1225,0.6485,4.151,2.093,0.5908,0.85,0.1865,0.2845,1.4143,0.6343,0.8317,0.8501,1.39332662239262,1.84144838797284,0.884762492044661,1
"298",1.1285,1.7735,1.5395,1.8875,0.8165,4.427,2.561,0.6924,0.6916,0.1805,0.4445,3.2707,2.8495,0.9433,0.2993,0.552365899760778,0,0.669795490564062,1
"299",0.8315,1.6955,0.7685,1.0025,1.9955,4.133,3.113,0.5596,0.79,0.4025,0.5745,0.2209,3.0445,0.9703,0.5585,0,1.3704079696474,1.24634837043749,1
"300",1.4735,0.8315,0.5195,1.8365,0.5885,4.211,4.043,0.8724,0.7012,0.1345,0.2645,3.1771,1.4845,0.8173,0.2579,0,0,0.6691482006494,1
"301",0.6215,1.5545,1.8725,0.6185,0.9905,4.157,2.927,0.6756,0.586,0.4185,0.3945,1.3207,2.5921,0.9955,0.9257,2.810234638017,2.83296870995082,0.435223411710122,1
"302",0.5885,0.9485,1.6565,1.8155,1.7015,3.887,2.621,0.5892,0.5004,0.5315,0.4685,2.1319,3.6997,0.5725,0.4793,0,2.62100000050751,0,1
"303",1.6475,1.8905,0.8885,1.1555,1.9895,2.693,4.889,0.5516,0.5828,0.1065,0.5115,3.3253,1.6639,0.9919,0.8321,0,0,0,1
"304",0.9965,0.5285,1.9595,1.2275,1.0175,2.147,2.897,0.5572,0.5668,0.1505,0.4705,2.8729,1.0399,0.9343,0.2561,2.14700000385727,2.89700001908745,0,1
"305",0.9815,1.8725,0.7895,0.8945,0.9785,3.809,2.693,0.7852,0.5532,0.5715,0.5805,3.9415,1.7029,0.4051,0.4991,0,0.747983652118292,0.721871288493608,1
"306",0.8675,1.2965,1.5335,1.5695,1.6145,4.085,4.715,0.834,0.858,0.4195,0.1885,3.9181,1.0867,0.1351,0.3119,0,0,1.54704082107986,1
"307",1.1135,0.7655,1.3535,1.3745,0.6005,3.239,3.239,0.6076,0.5516,0.1255,0.1555,1.9525,0.1741,0.9163,0.8879,0.952682969627019,0,0.612912856555167,1
"308",1.6505,1.6655,1.3085,0.9845,1.5245,3.851,4.871,0.742,0.6036,0.4455,0.3855,2.3113,2.4673,0.4987,0.7115,0,0,1.5207318740487,1
"309",1.0175,1.1015,1.3925,0.6725,1.4855,2.459,3.845,0.8412,0.7308,0.3135,0.1305,3.6997,1.3909,0.7327,0.3263,0.322980155481043,0.829765435450987,1.18072141697395,1
"310",1.0745,0.8075,0.8075,1.2875,0.5105,3.425,2.885,0.89,0.7804,0.2005,0.2395,1.4299,1.4455,0.4897,0.6683,0.476431419871246,0.379764641587847,1.22803747837693,1
"311",0.5315,1.2305,1.6805,0.8705,1.7705,2.321,3.713,0.8268,0.654,0.5175,0.2775,0.1039,2.9119,0.9325,0.3497,0,0.810253859035899,0.786556735186489,1
"312",1.1495,1.5935,1.9955,1.4345,0.5555,3.731,2.111,0.602,0.8004,0.5465,0.3515,3.4813,2.3191,0.3583,0.6449,0,0,1.79700630620806,1
"313",1.0715,0.6365,1.7285,1.0805,0.7775,2.009,2.261,0.5132,0.8636,0.1465,0.3155,0.7903,1.5625,0.1261,0.7043,0,0,2.80300664211762,1
"314",0.6995,1.8965,1.3295,1.2155,1.4285,2.783,4.115,0.886,0.7964,0.3665,0.3895,0.3691,2.1241,0.9757,0.8429,6.38401577556453e-21,1.10323317418576,0.941486334692187,1
"315",0.6725,0.5315,1.7405,1.6925,1.9055,2.795,4.337,0.6188,0.7868,0.1605,0.1775,2.4127,1.1803,0.9793,0.4307,2.79500004445848,4.33700001279066,0,1
"316",1.7105,1.2365,1.3685,0.7085,1.4165,4.253,3.527,0.546,0.6556,0.4145,0.5185,3.8635,3.0757,0.4591,0.5477,0,0,1.16383421802042,1
"317",1.2095,1.7315,1.7015,1.4135,0.6425,2.189,4.307,0.5316,0.8956,0.4565,0.5945,1.1881,1.8277,0.2701,0.3605,0.556791890291447,1.57773192535676e-22,1.15499172424609,1
"318",1.4135,1.5965,0.5405,0.6995,1.6055,4.895,3.563,0.7524,0.6788,0.4385,0.4325,1.7575,1.0165,0.7363,0.4163,0,3.56300003098201,0,1
"319",0.5795,0.9725,1.6895,0.5375,1.6955,2.075,3.791,0.7724,0.5908,0.3765,0.4455,0.2443,1.6717,0.9145,0.6809,0,0,0,1
"320",1.3565,0.6185,1.8605,1.4675,1.7105,2.747,2.807,0.846,0.594,0.3085,0.4005,3.8713,0.7435,0.7435,0.4505,0.311457917570575,0,0.461109280962007,1
"321",1.4465,0.6785,0.7805,1.7075,0.6095,2.345,2.339,0.6988,0.6644,0.4175,0.1475,1.0789,2.7793,0.8065,0.2867,1.99106355929094,0.559092939509678,0.658231527726503,1
"322",1.4075,1.9505,1.9775,1.5305,1.9865,3.509,3.971,0.746,0.6452,0.5975,0.1395,0.3925,1.6483,0.4105,0.5765,2.08868592208391,0,2.35143600471229,1
"323",1.6925,1.9775,0.8165,0.5945,1.4345,3.551,2.255,0.6452,0.626,0.3485,0.4515,0.4315,0.1195,0.6211,0.0617,3.5510000068997,2.255,0,1
"324",0.7535,1.9565,0.9215,1.7345,1.9775,2.939,2.453,0.5724,0.7364,0.3475,0.3355,1.5859,3.5437,0.5149,0.6359,0,2.45300000141764,0,1
"325",1.4225,1.3145,1.2965,0.6695,1.5455,2.681,3.989,0.6724,0.8492,0.5345,0.5685,1.9915,2.4751,0.5905,0.4037,0,0,0,1
"326",1.3325,0.6665,1.8515,0.6665,1.3655,3.455,2.939,0.8228,0.8324,0.4915,0.1205,3.6139,1.7107,0.1441,0.3749,0,0,1.27341936451987,1
"327",0.9575,1.3115,1.8785,0.5585,1.5665,4.727,4.037,0.7132,0.7236,0.5245,0.5565,3.3331,2.5687,0.9253,0.4217,1.00756254884236,1.84513465922477,1.56852398672451,1
"328",1.4945,0.5645,0.8945,0.7895,0.7955,2.381,3.197,0.8148,0.566,0.4935,0.4965,2.0929,1.6171,0.9685,0.1085,2.38100017654362,3.19700000000105,0,1
"329",1.8215,1.6985,1.5305,0.5915,1.9985,3.659,4.799,0.718,0.7508,0.3735,0.1905,0.3847,2.5297,0.6859,0.3317,3.65900025837819,0,0,1
"330",1.3385,1.3385,1.5275,1.8545,1.0025,4.637,4.019,0.7228,0.8108,0.4065,0.5015,0.6031,2.3815,0.5797,0.6377,0,4.01900000255921,0,1
"331",0.8495,1.3175,0.6875,1.2095,1.8755,3.101,2.393,0.8628,0.8284,0.1715,0.1535,3.6451,2.7091,0.2827,0.6773,0,0,1.55200877312323,1
"332",1.1225,0.8045,1.2395,1.4945,0.6575,3.299,2.405,0.598,0.83,0.3645,0.1445,3.9337,0.9229,0.1063,0.5657,0,0,1.22142947418336,1
"333",1.2305,0.7685,1.9625,0.7715,1.9295,4.163,3.755,0.8548,0.694,0.2445,0.3055,2.3503,3.3019,0.7075,0.2471,0.594301129645882,0.365610205584215,1.09948841075817,1
"334",0.9125,1.0025,1.3985,1.8695,1.6925,3.995,4.163,0.8988,0.722,0.2835,0.1155,0.5017,0.1897,0.3529,0.5261,3.99500005184587,0,0,1
"335",0.7235,0.6965,0.8705,1.0835,1.5185,4.733,4.463,0.894,0.754,0.5785,0.2365,2.0695,1.5703,0.8929,0.2093,0,0,0.821457371398426,1
"336",1.5005,1.4645,1.7255,1.8275,1.0445,4.115,4.583,0.8196,0.5852,0.2745,0.2075,3.1069,0.4315,0.4501,0.2435,0,4.5830000000114,0,1
"337",0.8375,1.7195,1.6985,1.6205,0.9875,3.173,2.315,0.7124,0.7708,0.3105,0.5695,2.2255,2.7247,0.4015,0.7691,0,0,2.21930643103414,1
"338",0.5045,1.7615,0.6005,1.6865,1.8995,4.661,2.201,0.8828,0.5868,0.3495,0.3695,2.4751,0.6499,0.7057,0.5873,0,2.20100005289844,0,1
"339",0.6425,0.6155,1.2275,1.5185,1.9535,3.845,2.063,0.8892,0.7516,0.5965,0.3465,3.6373,0.5797,0.5077,0.7961,0.23804878198327,0,0.593904991291203,1
"340",1.8965,1.3085,1.7435,1.6685,0.6545,2.171,3.557,0.6356,0.5652,0.3295,0.1015,0.3379,1.2505,0.2413,0.7889,0,0,0,1
"341",0.6005,0.9095,1.6625,1.6505,1.1225,3.503,4.739,0.6212,0.7756,0.2985,0.4555,0.7825,3.2083,0.6949,0.2543,0,0.471808263931887,0.532258776003888,1
"342",1.7435,1.7105,1.9175,0.8795,1.8365,2.339,3.815,0.8132,0.718,0.5635,0.3135,2.4205,3.6919,0.8119,0.3065,0,0,0,1
"343",0.7265,1.4885,0.5465,0.9485,0.9455,3.329,3.209,0.5076,0.89,0.1285,0.3265,1.1803,1.8043,0.4123,0.4379,0.768375209585732,0,0.690162333827483,1
"344",0.9335,1.1255,1.0445,1.6805,1.5395,3.815,4.535,0.738,0.5804,0.4225,0.1025,3.4033,1.4689,0.5131,0.1697,0,0,1.83092993793375,1
"345",0.8585,1.3205,0.9545,1.7135,1.6565,3.449,4.349,0.7748,0.5796,0.1175,0.3305,3.4267,2.7403,0.6769,0.1553,0,0.694092368730157,0.827369621110986,1
"346",1.1795,1.3055,1.9085,1.5635,1.0535,2.567,4.865,0.7356,0.8412,0.2705,0.5225,2.6623,0.5251,0.3871,0.5567,0,1.15377467732639,2.01495870643345,1
"347",1.3355,1.7135,1.7555,1.1885,0.8705,4.451,4.445,0.806,0.846,0.3025,0.1835,0.8917,3.5593,0.2935,0.2957,0,0,0,1
"348",1.1525,1.8425,0.7085,0.7025,0.9065,2.471,4.265,0.5252,0.6604,0.5115,0.3385,1.4065,2.2333,0.2161,0.8411,0,0,1.55109894641049,1
"349",1.1855,1.6685,1.7165,0.8525,1.1375,4.007,4.847,0.7764,0.81,0.4445,0.4625,1.2817,0.5407,0.1189,0.5243,0,0,2.37231338518326,1
"350",1.4675,0.8165,1.5905,1.6415,1.9415,2.099,2.225,0.8972,0.7604,0.1735,0.5245,0.2755,0.9931,0.4267,0.6143,0,0,180.58410807416,1
"351",1.2005,1.6205,0.9185,1.2425,1.9925,4.169,3.299,0.7836,0.7676,0.2195,0.2865,2.8339,0.4003,0.6625,0.7943,0,3.29900000000913,0,1
"352",1.8875,0.5795,1.9265,0.5255,0.9275,4.223,4.169,0.734,0.8948,0.3725,0.5735,3.7465,2.3113,0.6247,0.4091,0.285900245232122,0.530170018978422,0.779347310679004,1
"353",0.9905,0.5975,0.7205,1.9685,1.2815,4.247,3.491,0.714,0.6748,0.3015,0.1765,1.3831,3.8947,0.4249,0.7529,0,0.181887364680692,0.350890156437967,1
"354",0.9005,1.1285,0.8525,1.2695,1.5695,2.837,2.489,0.7452,0.7196,0.4795,0.5775,3.5827,3.3721,0.3925,0.4973,0,0,1.01321537016979,1
"355",1.0325,1.6535,1.3025,0.9035,0.9125,4.103,3.719,0.8516,0.8836,0.2765,0.1135,1.6951,3.1381,0.9271,0.7853,0.444773984636413,0.78524424866246,0.867835290761175,1
"356",1.0205,1.2845,1.6715,1.5875,0.8285,3.245,2.717,0.7172,0.5132,0.4955,0.2625,1.6015,0.9463,0.4303,0.2597,0.533120834336531,0,1.17886469913671,1
"357",0.6695,0.9155,1.1225,1.8485,0.5975,2.279,3.101,0.5508,0.7324,0.3635,0.3425,0.3457,2.5141,0.7147,0.3677,0,0.582994235325374,0.289855639843236,1
"358",1.2935,1.4045,1.6265,0.5195,0.6305,3.905,2.213,0.8524,0.554,0.5215,0.5005,3.4501,3.7855,0.3835,0.5369,0,0,1.15861635707481,1
"359",0.8135,0.9815,1.0685,1.9505,1.1315,4.277,2.969,0.7788,0.882,0.5725,0.5055,0.5095,3.9415,0.1279,0.3803,0,0,0.984513629148944,1
"360",1.7045,1.2545,1.9055,1.4165,1.2605,2.051,3.881,0.6364,0.87,0.3965,0.4385,1.9369,3.4033,0.8083,0.5927,0.77895733720603,0.747369752610211,1.35750359292877,1
"361",1.0895,1.5575,0.6665,1.2935,1.0295,3.317,4.379,0.8044,0.7772,0.5085,0.3785,0.1429,2.3269,0.5509,0.7547,3.0487362269873e-22,0.416316645992527,0.54717289009203,1
"362",1.0985,1.4735,1.5785,1.0985,1.4495,3.083,3.665,0.8748,0.6156,0.3565,0.2825,2.8261,1.8511,0.2179,0.4883,0,0,1.94009408033573,1
"363",1.0505,1.4555,1.4645,1.2995,0.6605,3.077,4.277,0.7876,0.7844,0.3315,0.1505,2.0773,2.4829,0.9019,0.9311,0.387282437276839,1.59596993779101,0.958873627792127,1
"364",1.6115,0.8885,1.2755,1.3625,0.9185,3.473,4.829,0.5548,0.8668,0.3945,0.4395,2.3737,0.7201,0.3763,0.7421,0,0,1.54336140337097,1
"365",1.9295,1.1885,1.8335,1.5335,0.5675,3.857,2.183,0.8796,0.6764,0.2995,0.5305,0.2911,1.0087,0.7669,0.1931,0,0,32.2859100239016,1
"366",0.7385,0.7595,1.5845,1.6085,1.9325,3.575,3.797,0.8164,0.738,0.2805,0.2415,0.1663,0.2443,0.1423,0.4325,0,0,0,1
"367",0.5375,1.3595,0.8255,1.3265,0.8975,4.901,3.449,0.75,0.8332,0.4105,0.5585,3.2551,1.5235,0.1117,0.5801,0,0,0.458215221830757,1
"368",1.9355,1.8245,0.9605,1.7525,0.7925,4.829,2.759,0.6268,0.6204,0.1055,0.3115,3.2161,0.8761,0.2485,0.3695,0,0,2.94967060153528,1
"369",1.5515,1.0145,1.0355,0.9695,0.5465,4.373,2.903,0.8876,0.758,0.5995,0.2955,3.5047,1.3831,0.5653,0.3137,0,0,1.00327606127029,1
"370",0.7115,1.0655,1.1585,0.8135,1.2725,2.477,4.601,0.6572,0.7172,0.4125,0.5725,1.5391,1.7731,0.1477,0.7259,0,0,1.16559822840583,1
"371",1.4195,1.7825,1.5575,0.7055,1.4075,2.897,2.519,0.7604,0.8596,0.4305,0.5845,0.3067,2.8105,0.7453,0.1229,2.89700148848088,2.519,0,1
"372",1.0265,0.9305,1.9655,1.7705,0.7445,2.891,3.671,0.8388,0.7996,0.3575,0.5505,2.6077,1.6015,0.3475,0.6755,0,0,1.73569405027396,1
"373",1.7945,1.4705,1.8935,1.4405,1.2635,4.859,4.031,0.7636,0.8572,0.1495,0.4525,2.2879,3.7543,0.5545,0.4289,0,0,1.59825054074853,1
"374",1.4165,0.9425,0.8765,1.8425,0.7865,2.117,4.469,0.694,0.662,0.2925,0.3315,0.7123,3.9883,0.4645,0.2651,2.11700000000249,0,0,1
"375",1.4975,0.8825,1.7045,1.1165,0.8135,2.141,4.877,0.7964,0.59,0.3585,0.2465,1.0321,1.3597,0.6013,0.3029,1.3409970615394,0.732853199100207,1.23804172204822,1
"376",1.8035,0.8945,1.1135,1.8815,1.6385,4.499,2.951,0.6996,0.63,0.4285,0.3665,1.3129,2.2879,0.1135,0.4559,0,0,1.40623100380488,1
"377",1.3415,0.6335,1.7225,1.3505,1.9235,3.053,4.757,0.8236,0.8532,0.3055,0.4895,2.8573,2.8027,0.8533,0.8195,0.530519871416217,0,0.571362569448195,1
"378",1.1705,0.6305,1.5215,1.2215,1.0355,4.529,3.953,0.618,0.8516,0.3415,0.2705,3.3409,1.3207,0.1747,0.7277,0,0,0.943945340570182,1
"379",0.7145,1.7015,1.4315,0.8075,1.2965,3.407,4.241,0.5452,0.8252,0.5745,0.3635,1.2739,2.7871,0.1981,0.8537,0,0,1.43169362885369,1
"380",0.5525,1.2905,0.8585,1.5425,1.4735,3.263,2.615,0.6852,0.5236,0.3305,0.2195,0.4471,0.5017,0.3061,0.1409,0,1.33678966085727,1.64694903400971,1
"381",0.6575,1.4975,1.9445,1.6655,1.5335,3.281,2.837,0.73,0.7908,0.1455,0.4535,3.4891,1.3753,0.4879,0.5009,0,0.622889735760179,1.20828868934353,1
"382",0.5705,1.7855,1.5095,1.1315,1.0505,2.957,3.401,0.6044,0.8628,0.4885,0.4975,1.8979,0.6889,0.1765,0.7565,0,0,2.59682284259656,1
"383",1.3025,1.7165,0.8555,0.7835,1.7885,2.243,2.267,0.5972,0.5388,0.1955,0.3935,2.1085,1.2115,0.6229,0.3407,0.977544270126658,1.38459701162754,1.24803288224001,1
"384",0.8105,0.8585,0.5675,0.5675,0.7805,2.759,2.711,0.6244,0.5708,0.1525,0.2005,3.9727,1.3675,0.6391,0.9455,0.305298131686198,0,0.15054078709978,1
"385",0.9035,1.6475,1.0145,0.5315,1.5995,3.251,4.439,0.6204,0.6996,0.3625,0.1285,2.7637,0.8917,0.8965,0.1121,1.34621867476085,1.68105657012287,1.59377974304457,1
"386",1.6805,1.5335,1.5755,0.7685,0.6395,2.801,3.929,0.7732,0.5916,0.4995,0.2105,2.9041,2.9353,0.3097,0.3533,0,0,2.86112528039488,1
"387",1.8995,1.1315,1.6115,1.0715,1.5425,3.209,2.549,0.5188,0.5508,0.1155,0.2175,0.7357,0.2833,0.8281,0.5063,3.209,2.54900000523224,0,1
"388",1.2365,0.6455,1.5485,1.5155,1.5275,2.201,2.573,0.522,0.5644,0.4395,0.2995,0.4705,3.2863,0.3565,0.0509,2.06644807443367,0.237457611440666,0.801570667533754,1
"389",0.5285,0.7355,0.9785,1.0055,1.7435,4.061,4.007,0.7612,0.7412,0.1645,0.1165,3.7933,2.7715,0.7831,0.1913,0.540156386212325,0.32168496111343,0.945948764685453,1
"390",1.2035,0.8765,0.8105,0.6575,0.6065,4.025,3.329,0.7084,0.7636,0.4245,0.3005,3.6295,0.7357,0.8425,0.7439,0.661781408022333,0,0.305708963861288,1
"391",1.5095,1.1075,1.3265,1.9565,1.9385,4.265,4.319,0.6524,0.8228,0.2465,0.1545,1.0555,1.0243,0.7381,0.4253,1.34444088635563,1.10417860716474,3.36815006659294,1
"392",0.6455,1.5665,1.8305,0.6095,1.7585,3.965,2.147,0.7812,0.7692,0.4315,0.2925,2.4517,1.3519,0.7561,0.0779,0,1.02052004699252,0.957889844603717,1
"393",1.3625,1.4915,1.9685,1.8965,0.7295,2.573,2.351,0.6556,0.8588,0.3615,0.5525,0.5329,1.9759,0.3691,0.0761,2.57300000000001,0,0,1
"394",0.5225,1.1915,1.0505,1.9745,0.5705,3.125,3.965,0.7972,0.622,0.1515,0.4935,3.8011,2.1787,0.1999,0.2201,0,3.96500070899115,0,1
"395",1.9595,1.5485,1.0805,0.5645,1.9565,2.081,4.193,0.8852,0.574,0.3795,0.5165,2.9197,1.1413,0.6697,0.8591,2.08100016269251,0,0,1
"396",0.5165,1.8185,1.2215,1.8035,1.2215,3.917,3.551,0.6772,0.6004,0.4265,0.2045,2.1475,3.9571,0.6499,0.8555,1.30421923553816e-23,0.351311303188059,0.357220846981666,1
"397",0.9245,1.9205,0.8795,1.7195,0.6035,3.113,2.165,0.8428,0.5444,0.5755,0.4055,0.6265,0.1351,0.7687,0.6161,0,2.16500000215011,0,1
"398",0.9755,0.6485,1.6325,1.8665,1.6895,3.839,3.917,0.6412,0.6444,0.4345,0.3405,3.5515,2.3659,0.2233,0.3713,0,0,1.26267366551388,1
"399",0.6545,1.8095,1.6475,0.6785,1.3775,3.617,3.995,0.5412,0.5172,0.3705,0.5085,1.5547,2.9509,0.4321,0.7187,0,0.492239256497303,0.711599791259305,1
"400",0.5645,1.8845,1.4525,1.1495,0.8045,4.655,2.399,0.57,0.7052,0.1945,0.5365,3.3565,3.2473,0.5833,0.6971,0,0,0,1
"401",1.4885,1.1465,0.8975,1.9055,1.6865,2.285,3.053,0.5204,0.6468,0.2545,0.4675,3.6061,1.1335,0.2881,0.0545,2.2850000102525,0,0,1
"402",0.5825,1.7045,0.6155,1.8785,0.9095,3.605,3.461,0.786,0.7484,0.3265,0.1195,1.2661,2.1085,0.8983,0.8519,0,0.664589929546215,0.406881643397265,1
"403",1.8275,1.4195,1.2665,0.7505,1.9445,4.019,2.507,0.6172,0.7388,0.3925,0.3545,2.4283,0.2755,0.7201,0.6953,1.28969384634201,2.44506243344958,0.683896634840881,1
"404",1.5695,1.5215,1.3745,1.7945,0.7325,4.289,3.827,0.6324,0.7332,0.3895,0.3605,0.6967,2.4985,0.2251,0.4109,0,0,2.47806942675795,1
"405",0.8435,1.6865,1.0025,0.5105,0.9635,2.105,2.543,0.7948,0.5836,0.2475,0.4855,0.9151,1.4299,0.1585,0.3893,2.10500000848778,2.54300000000389,0,1
"406",1.5605,1.3025,1.3235,1.0355,1.2335,2.483,4.157,0.8804,0.6908,0.3905,0.2265,3.6685,3.8869,0.5059,0.1319,0,0,1.60373212101132,1
"407",1.6955,0.5105,1.7975,1.8185,1.0595,3.155,2.663,0.5404,0.6868,0.4645,0.5035,1.8121,1.2349,0.9811,0.9149,3.15499999886739,0,1.68331542099915e-09,1
"408",1.1645,0.7865,0.5075,1.0385,1.1105,3.959,4.997,0.5236,0.6948,0.5655,0.4915,3.2395,2.4907,0.4159,0.4955,0,0.340510249857411,0.588665987583775,1
"409",0.5015,1.8455,0.7265,0.8645,0.9575,4.319,3.191,0.5556,0.7588,0.2905,0.1665,2.5843,3.4345,0.5455,0.1517,0.5315164101194,1.8594484968834e-21,0.410408847132676,1
"410",0.8075,1.5785,0.6755,1.0085,1.3955,4.283,2.219,0.802,0.7548,0.3745,0.2615,3.8869,1.5937,0.9721,0.1985,0,2.21900000001236,0,1
"411",1.0835,1.6145,0.8855,1.6535,1.3415,2.585,3.785,0.502,0.8644,0.2785,0.5215,1.2271,1.8355,0.6427,0.7007,0.891162239436663,1.1858851293036,2.22342964432666,1
"412",1.0355,1.1045,1.3955,1.4885,1.8005,2.027,4.073,0.622,0.7316,0.5445,0.3045,1.0633,3.0991,0.2755,0.4631,0.548949971510428,0,1.34519664091451,1
"413",0.8555,1.3535,0.6575,1.3865,0.6965,2.291,4.961,0.6404,0.6684,0.5295,0.3495,2.9587,1.9135,0.2557,0.6305,0,0,0.753003643034694,1
"414",1.9025,1.3715,1.0925,1.5275,1.5755,3.947,3.533,0.6396,0.7228,0.4745,0.5675,0.6421,2.0617,0.8803,0.4775,3.65156224577458,2.83389025536448,1.02876658344916,1
"415",1.1375,1.4525,1.7885,1.1615,0.6815,4.391,4.751,0.6532,0.7572,0.1835,0.4345,0.9775,2.6935,0.8623,0.3947,4.39100001970234,0,7.02314538661685e-10,1
"416",1.9175,1.5755,1.3505,0.8615,1.3715,3.035,4.487,0.7204,0.5348,0.2295,0.1605,1.1257,2.9041,0.2503,0.9401,0,0,1.68006344821327,1
"417",1.0295,1.4675,1.9475,1.7015,1.0115,3.461,3.143,0.7276,0.5924,0.5675,0.5405,2.1709,2.2645,0.3151,0.8663,5.06606324196367e-23,0.329664824358324,0.561154227335567,1
"418",1.6715,1.3655,0.8015,0.9575,0.9335,4.313,2.375,0.5332,0.5356,0.1395,0.5265,2.0617,0.2599,0.4213,0.0923,2.34877242494636,1.49788051376441,1.95275871982795,1
"419",1.1825,0.9935,1.4225,1.0565,1.7525,3.479,3.263,0.574,0.5332,0.3845,0.5275,1.7419,2.8807,0.7165,0.6287,1.31019611239607,1.70467883778849,1.75303212949824,1
"420",1.1045,0.5405,0.9995,1.5545,1.1825,3.389,3.425,0.842,0.766,0.2255,0.3985,1.4611,0.9853,0.9487,0.2939,0,0,0,1
"421",1.7165,1.7885,1.2305,1.0475,0.8345,4.751,4.691,0.854,0.5724,0.4535,0.5875,0.6343,0.7981,0.1837,0.6107,0,0,2.0758958594166,1
"422",0.7925,1.2395,1.6775,1.7165,0.7595,3.377,3.737,0.6636,0.6836,0.2415,0.3435,3.8167,3.2317,0.5491,0.6845,0.281251429816447,0.318217151079319,0.810109815123406,1
"423",1.4435,1.7525,1.3055,0.7385,1.5575,3.143,4.967,0.6588,0.5484,0.5565,0.3175,2.9119,0.8683,0.1153,0.7925,0,0,0.722412205324821,1
"424",1.8185,1.9955,1.6025,1.3055,1.0955,2.231,4.685,0.5156,0.8236,0.1075,0.5335,1.0945,1.9213,0.6337,0.3191,1.29388876829027,0,0.577290763061444,1
"425",0.6125,1.1795,1.3835,0.7235,1.2065,3.935,4.763,0.6692,0.8508,0.2015,0.3555,0.7045,1.7887,0.7813,0.2327,0,0.76223460771209,0.841178697519445,1
"426",0.9695,0.6635,1.4615,1.3355,1.2515,2.633,3.365,0.7892,0.7628,0.2885,0.1575,0.8215,0.3691,0.3025,0.0563,0,3.36500000433196,0,1
"427",1.4615,1.8395,0.7325,0.6605,1.3865,3.593,3.959,0.514,0.69,0.1425,0.1945,1.8511,2.5609,0.5527,0.7619,0,0,1.51368457501641,1
"428",1.3055,1.1135,1.2185,1.5365,1.3685,4.997,3.941,0.6436,0.5212,0.4965,0.4125,0.4627,1.0321,0.5275,0.7817,0,0,0,1
"429",1.4315,0.5735,1.5065,1.2485,0.8765,3.791,4.325,0.8436,0.762,0.1965,0.4745,2.7325,3.5515,0.2287,0.1049,0,0,1.33763264676896,1
"430",0.8615,1.2995,1.1675,1.3085,1.4795,3.443,3.119,0.8956,0.6252,0.1705,0.3715,2.9665,1.9603,0.2107,0.4451,0,0,1.42328022225101,1
"431",1.0055,0.9005,0.9935,0.7595,1.7855,4.805,2.579,0.7068,0.5452,0.3125,0.1855,2.0149,3.9493,0.8749,0.2309,1.2234322453039,0.480834041867557,0.994785082025114,1
"432",0.6095,1.0235,0.6725,1.2635,1.7465,3.257,2.177,0.6884,0.8388,0.1925,0.3345,1.8589,2.9899,0.2629,0.8249,1.4405819142297e-22,0.117104877545998,0.61744473292892,1
"433",1.0085,0.9665,1.2035,1.6955,1.1675,4.271,4.637,0.6804,0.6396,0.3155,0.3875,3.2629,1.7341,0.2593,0.6575,0,0,0,1
"434",1.2425,0.8915,1.1705,0.6365,0.8435,3.557,2.855,0.8012,0.5028,0.5875,0.5295,1.4845,2.4517,0.8695,0.6737,2.65488584256275,2.45143843545522,0.563924630507951,1
"435",1.7975,1.0055,1.1165,1.3415,1.0415,3.719,2.753,0.8708,0.6404,0.1035,0.1455,1.1023,3.4735,0.1819,0.3875,0,0,3.28833818684873,1
"436",1.3475,0.8735,1.2815,1.1345,0.5735,4.331,3.701,0.8212,0.6708,0.1795,0.1785,1.5625,1.5547,0.7579,0.5333,0.865582910635517,0.536916168290355,1.08436523067408,1
"437",1.3775,1.0385,1.9835,0.6485,0.5585,3.749,3.269,0.8476,0.898,0.4905,0.3275,0.1195,2.3503,0.5635,0.4469,0,0,0,1
"438",1.0595,1.1675,1.6835,1.5245,1.4465,2.651,3.455,0.6332,0.778,0.3195,0.5135,3.0367,2.6623,0.5815,0.5387,0.388984791970851,0.493814556842951,1.37006804157274,1
"439",1.7585,1.7285,1.9205,1.4525,0.5855,2.129,2.957,0.798,0.522,0.2665,0.1275,2.5609,2.0461,0.4177,0.8609,2.12900000047921,2.95700000000004,0,1
"440",1.9715,1.8215,1.1885,1.0745,1.3745,4.541,4.451,0.8676,0.6356,0.5165,0.5995,2.6467,1.0633,0.9181,0.8465,0.881758031459845,0,0.721481212202885,1
"441",0.9395,1.5425,1.8665,0.8585,0.7355,3.941,4.499,0.766,0.6276,0.2125,0.4765,0.8293,3.5125,0.6409,0.2831,0,0,0.25931442037982,1
"442",0.6815,1.8515,1.7135,1.2845,1.0655,2.741,3.335,0.7292,0.5588,0.4555,0.4375,2.3425,2.6701,0.6805,0.3929,2.74100000022077,0,9.9310104004786e-14,1
"443",1.5125,1.6295,1.4075,1.3595,1.5875,2.351,3.575,0.7956,0.8964,0.1225,0.2085,3.5359,2.5375,0.9217,0.1769,0,0,0,1
"444",1.0475,1.7255,0.5255,0.8915,1.6115,4.043,2.999,0.8004,0.8972,0.4925,0.2385,3.9493,2.8183,0.3079,0.8861,0,2.99900005307182,0,1
"445",1.3595,1.6115,0.5015,0.9725,0.6365,2.909,3.689,0.5212,0.6636,0.4255,0.5625,1.7809,1.8589,0.4375,0.1571,2.90900000001198,0,3.65502964491944e-14,1
"446",1.4495,0.7835,1.3445,0.8225,1.8815,3.419,3.215,0.8292,0.5036,0.5765,0.4165,2.6701,0.6733,0.2341,0.5117,0,0,1.51073718927941,1
"447",1.2725,1.5245,1.0055,1.9775,0.7115,3.269,2.909,0.898,0.8892,0.4875,0.5785,2.7247,0.1039,0.4033,0.7457,0,2.90900000691713,0,1
"448",1.6175,0.8195,0.8285,1.4045,1.9625,2.363,2.189,0.5732,0.7732,0.5305,0.1005,1.7029,2.3035,0.6931,0.7493,2.36300060204051,0,0,1
"449",1.7495,1.8665,1.2095,1.4435,0.8735,3.779,2.081,0.5956,0.8708,0.1625,0.1185,1.2973,3.7465,0.1621,0.6899,3.77900000000001,2.08100000028901,0,1
"450",1.2605,1.0475,1.1285,0.9215,1.5515,3.539,4.151,0.8036,0.6484,0.1165,0.5905,0.6109,1.6873,0.7651,0.7799,3.53900096243496,0,0,1
"451",1.6865,1.0715,0.6215,1.7105,0.9545,2.309,3.863,0.646,0.7884,0.1275,0.3595,0.3769,0.9385,0.8137,0.4649,2.30899999838971,3.86300004501678,1.1170984560207e-08,1
"452",1.5545,1.1975,1.2545,1.9325,1.9745,2.267,4.565,0.85,0.534,0.2555,0.5345,2.7871,3.8011,0.1459,0.4577,0,0,0,1
"453",0.7055,0.7055,1.9145,1.5755,1.6175,4.187,4.781,0.6132,0.894,0.5225,0.3285,2.0305,2.1943,0.9379,0.4523,1.34450563775221,1.17265856008095,2.30474491097836,1
"454",1.8305,1.0805,1.9535,0.9665,0.8585,2.525,4.727,0.7884,0.7612,0.4595,0.2015,0.3145,3.6763,0.6463,0.4901,2.05339497000325,0.686381447552323,1.04541532059729,1
"455",1.5305,0.9575,1.4705,0.8315,1.2275,3.587,3.419,0.5276,0.7596,0.1825,0.1485,2.3269,1.8199,0.5311,0.1607,0.792117384055535,0.331754990171056,1.03573476646275,1
"456",1.7285,1.5365,0.9665,0.6965,0.7505,3.953,2.513,0.6956,0.7164,0.3955,0.3125,2.2021,1.9993,0.3115,0.7871,0,0,2.40343983663613,1
"457",1.0115,1.1555,1.6385,1.2545,0.8105,3.569,4.301,0.8276,0.6292,0.2975,0.5885,0.8761,0.4237,0.8875,0.1013,0,4.30100000104503,0,1
"458",1.1195,1.0925,1.2455,1.7375,1.4885,2.981,4.127,0.6596,0.8452,0.2235,0.5825,2.5375,0.5095,0.8515,0.0671,0,0,0,1
"459",0.7445,0.5045,1.5035,0.9425,1.2455,2.657,4.655,0.5196,0.5188,0.1235,0.5285,0.3301,2.7949,0.5599,0.1337,0,0.898768942089031,0.83697772932732,1
"460",0.9275,1.6415,0.5495,1.9235,1.5305,4.943,3.545,0.6796,0.7492,0.3035,0.5415,2.2723,2.2177,0.9883,0.1157,0,2.08209280210333,0.996880106524351,1
"461",1.5185,1.0265,1.7915,0.9005,0.9035,4.325,4.061,0.8564,0.73,0.1585,0.4835,2.5687,1.3285,0.8857,0.9437,0.481559779427159,0,0.372612961549139,1
"462",1.9445,0.9065,1.7765,0.6815,1.0865,4.841,2.597,0.5996,0.7284,0.2305,0.3535,2.3893,3.9025,0.8839,0.7727,0.433593051629186,0.982458459804552,0.729371658210253,1
"463",1.5755,1.0295,1.0295,1.1735,1.2905,4.925,3.179,0.5476,0.7268,0.5555,0.1595,2.0383,1.9291,0.9775,0.6467,0,3.1790000001659,0,1
"464",0.5975,1.9985,0.8615,0.9335,0.8495,3.881,2.039,0.6916,0.7764,0.2265,0.2335,2.1553,2.5219,0.7507,0.9491,0.362926782999606,1.50904543833228,0.62752551602847,1
"465",0.8885,1.5515,1.6505,1.7885,1.1555,3.359,3.803,0.6116,0.646,0.5205,0.1055,1.6093,3.0679,0.9127,0.8267,1.31130945071528,1.81650925450249,1.73406871406858,1
"466",1.6625,1.1615,1.3565,0.7955,1.9145,4.235,2.675,0.8244,0.8684,0.2145,0.4115,2.9743,0.7513,0.2143,0.7025,0,2.67500034019015,0,1
"467",0.7955,0.7475,1.3325,1.5395,1.4615,2.753,2.195,0.6612,0.8076,0.1145,0.5355,2.3035,2.3581,0.1081,0.4415,0,0,1.53136664670115,1
"468",0.5405,0.5675,1.6055,1.1765,0.8675,4.127,4.697,0.8316,0.6516,0.1195,0.4955,3.8245,2.6857,0.5563,0.0815,0,4.69700062239393,0,1
"469",1.1315,1.4615,1.1015,1.4735,0.9725,4.931,3.089,0.87,0.7524,0.3175,0.1125,0.3535,3.9961,0.8479,0.5729,0,0.322950143292526,0.249557909331545,1
"470",1.3835,0.8105,1.1375,1.5995,1.5725,2.531,4.619,0.662,0.5228,0.4845,0.1385,2.7403,0.2677,0.7849,0.5495,1.01672851159394,0,0.820624818916647,1
"471",1.8815,1.1825,0.9695,1.2755,0.7835,2.237,3.431,0.6812,0.8548,0.5055,0.2205,2.6935,3.3175,0.5941,0.8285,0,0,1.64419737308769,1
"472",1.7615,0.7925,0.8825,0.7415,1.9505,3.875,4.181,0.5932,0.6612,0.1555,0.4485,2.4829,3.4657,0.9937,0.5711,0,0,0,1
"473",1.7465,0.6755,0.5285,1.7465,1.5365,4.415,3.359,0.7548,0.838,0.5375,0.2665,1.1413,2.2567,0.4825,0.7835,0,0,1.28396342161167,1
"474",1.7645,0.9875,0.5135,1.3835,1.4405,4.535,2.843,0.5356,0.5124,0.1215,0.2065,1.4377,1.1491,0.1405,0.1877,0,0,0.9387076227457,1
"475",1.2755,1.3775,1.1825,1.1405,1.0385,2.603,4.229,0.6908,0.6508,0.2095,0.2605,2.9977,2.6311,0.2989,0.6413,0,0,1.49242666258174,1
"476",1.8485,1.0865,0.7715,1.0265,0.8315,3.011,3.605,0.7492,0.6388,0.3325,0.3105,1.8043,3.8323,0.3817,0.2669,0,0,1.63516396928762,1
"477",1.7675,1.9475,1.0745,1.3925,1.0235,4.205,4.475,0.7284,0.8828,0.2525,0.2485,1.0009,1.8979,0.7093,0.2147,4.20500001601281,0,3.75485577068404e-09,1
"478",0.8825,0.9245,1.5125,1.3475,1.6625,3.137,3.005,0.5388,0.8804,0.4365,0.2355,2.2489,0.8449,0.3457,0.2615,3.13700004345523,3.005,0,1
"479",0.8645,1.4495,1.9565,1.5665,1.5845,4.979,3.569,0.8868,0.6652,0.2775,0.4155,1.9681,3.1537,0.3619,0.4073,0,0,1.39668266903975,1
"480",1.3115,1.9925,1.4435,1.7975,1.5635,3.683,3.203,0.5652,0.794,0.2105,0.2165,0.6655,1.2271,0.3331,0.1427,0,3.20300006605277,0,1
"481",0.6365,0.5225,1.5605,1.4015,0.5615,3.545,4.457,0.5836,0.5676,0.3455,0.2725,1.4455,2.5999,0.8911,0.7331,1.88836203528111,1.59022274894433,1.17581432446104,1
"482",1.9655,0.7535,1.5365,0.8405,1.0835,2.261,4.433,0.7996,0.8316,0.2735,0.1935,1.1101,1.6795,0.2125,0.3209,0,0,3.38084437450234,1
"483",1.5665,1.3295,1.4675,1.8215,1.8515,4.409,2.687,0.7372,0.8244,0.2565,0.5155,0.5797,3.2551,0.7129,0.5135,4.40900000000035,0,1.1773752869814e-12,1
"484",0.5585,1.4795,1.7615,1.9895,1.7045,2.885,2.423,0.6292,0.7116,0.2375,0.5395,2.9899,1.0555,0.7255,0.7673,0.616043912060073,1.74750721556318,1.65044594552072,1
"485",0.7625,1.5005,1.8815,1.5965,1.0625,4.139,4.421,0.5852,0.8476,0.4505,0.3925,3.6217,2.3425,0.3133,0.6701,0,0,1.30864142874826,1
"486",1.8155,1.1525,1.9895,1.7825,1.8395,3.233,3.821,0.8884,0.5732,0.5615,0.4905,2.7013,2.8573,0.6877,0.1283,0.506874921775341,0,0.984192311682485,1
"487",0.7085,1.5995,1.7345,1.1675,1.4195,2.825,3.857,0.5428,0.7124,0.1245,0.2745,1.0867,2.4439,0.6751,0.5549,0.945358439312448,0.767163104968015,1.5110350475657,1
"488",1.8785,1.9115,1.8125,1.8125,1.8845,3.563,4.259,0.6604,0.8404,0.4975,0.3765,3.4423,3.1303,0.6913,0.6215,0,0,3.17380905108913,1
"489",0.8975,1.8365,0.9275,1.4795,1.4765,2.453,3.029,0.6012,0.6228,0.2715,0.1805,1.6171,3.7309,0.5401,0.2507,0,3.02900000009812,0,1
"490",1.3505,0.5525,1.0535,0.6335,1.2305,2.627,2.609,0.7772,0.7436,0.4575,0.4495,2.1631,3.8401,0.2305,0.5171,0,0,0.860032874294213,1
"491",1.4375,0.9755,1.2785,1.7765,0.6125,4.625,4.811,0.6108,0.7452,0.1365,0.4185,3.6919,3.3643,0.1567,0.4343,0,0,1.00762298149117,1
"492",0.7025,0.8345,0.9095,1.5455,1.9205,3.581,2.249,0.5284,0.7948,0.5885,0.1405,0.3223,0.6265,0.9613,0.9473,0,0,0,1
"493",1.7075,1.2455,1.1915,1.3685,1.5935,2.723,3.293,0.6156,0.8844,0.2215,0.5555,3.0055,2.8339,0.4915,0.8303,0,0,1.64241663275779,1
"494",1.9895,1.6715,0.5345,1.7045,0.8015,3.989,4.547,0.5396,0.61,0.3165,0.5985,0.6811,2.5453,0.1315,0.2417,3.9890006431531,0,4.74089949538717e-10,1
"495",1.0025,1.4135,1.1525,1.6295,1.9265,4.049,4.397,0.778,0.5684,0.2045,0.2405,0.5875,3.4579,0.5581,0.5783,0,0.371734466493818,0.667700896146129,1
"496",1.5905,1.2245,0.5525,0.6395,1.5605,4.355,2.441,0.7444,0.5812,0.4235,0.2495,0.9229,0.8059,0.5041,0.6989,0,2.44100000255315,0,1
"497",1.0445,1.5035,1.5965,1.9475,1.7225,2.501,4.625,0.5604,0.6236,0.1785,0.5255,0.4237,2.6077,0.2017,0.8087,0.907794627992535,0,3.12907068256255,1
"498",1.7735,1.7345,0.7235,0.7175,0.9005,2.765,3.743,0.582,0.826,0.3875,0.2765,3.3643,1.7809,0.5887,0.0977,0.494475719770224,0,0.288022810789828,1
"499",1.7405,0.7085,1.5155,1.0625,1.7615,2.861,4.853,0.8396,0.818,0.5735,0.3145,1.9291,3.2005,0.8011,0.8447,1.09233315732205,0,0.751965543773489,1
"500",1.0565,1.9235,1.3355,1.4255,1.3985,4.589,2.555,0.69,0.8716,0.1205,0.1825,0.1117,1.4143,0.3853,0.0653,0,2.55500000288857,0,1
