"","r1","r2","K1","K2","e11","e12","e21","e22","h11","h12","h21","h22","a11","a12","a21","a22","w11","w22","m1","m2","R1","R2","C1","C2","max.Re.eigen","max.Im.eigen","feas.4sp","steady.4sp","species","mut.suc","p.try","sim.number","sequence"
"1",1,1,4,4,0.8,0.8,0.8,0.8,0.4,0.4,0.4,0.4,2,1.2,1.2,2,0.6,0.6,1,1,1.48752232257955,1.4875223225796,0.747610199064009,0.747610199063965,-0.0290354615927882,0.559664927971479,1,1,NA,NA,NA,1,1
"2",1,1,4,4,0.8,0.8,0.8,0.8,0.4,0.4,0.4,0.4,2.01,1.19,1.2,2,0.6,0.6,1,1,1.48506697630362,1.48872440999063,0.745366088366081,0.749646876872812,-0.028881562841403,0.559771863575664,1,1,1,1,1,1,2
"3",1,1,4,4,0.8,0.8,0.8,0.8,0.4,0.4,0.4,0.4,2.01,1.19,1.2,2,0.6,0.6,1,1,1.48506697630362,1.48872440999063,0.745366088366081,0.749646876872812,-0.028881562841403,0.559771863575664,1,1,2,0,1,1,3
"4",1,1,4,4,0.8,0.8,0.8,0.8,0.4,0.4,0.4,0.4,2.01,1.19,1.19,2.01,0.6,0.6,1,1,1.48611136152488,1.48545125510142,0.746761633351801,0.747649496194644,-0.028694482414598,0.559861215340292,1,1,2,1,1,1,4
"5",1,1,4,4,0.8,0.8,0.8,0.8,0.4,0.4,0.4,0.4,2.01,1.19,1.19,2.01,0.6,0.6,1,1,1.48611136152488,1.48545125510142,0.746761633351801,0.747649496194644,-0.028694482414598,0.559861215340292,1,1,2,0,1,1,5
"6",1,1,4,4,0.8,0.8,0.8,0.8,0.4,0.4,0.4,0.4,2.01,1.19,1.19,2.01,0.6,0.6,1,1,1.48611136152488,1.48545125510142,0.746761633351801,0.747649496194644,-0.028694482414598,0.559861215340292,1,1,1,0,1,1,6
"7",1,1,4,4,0.8,0.8,0.8,0.8,0.4,0.4,0.4,0.4,2.01,1.19,1.18,2.02,0.6,0.6,1,1,1.48699980399178,1.48333797400259,0.749260030743844,0.745016469628815,-0.0285482879594403,0.559979879885418,1,1,2,1,1,1,7
"8",1,1,4,4,0.8,0.8,0.8,0.8,0.4,0.4,0.4,0.4,2.01,1.19,1.18,2.02,0.6,0.6,1,1,1.48699980399178,1.48333797400259,0.749260030743844,0.745016469628815,-0.0285482879594403,0.559979879885418,1,1,1,0,1,1,8
"9",1,1,4,4,0.8,0.8,0.8,0.8,0.4,0.4,0.4,0.4,2.01,1.19,1.18,2.02,0.6,0.6,1,1,1.48699980399178,1.48333797400259,0.749260030743844,0.745016469628815,-0.0285482879594403,0.559979879885418,1,1,1,0,1,1,9
"10",1,1,4,4,0.8,0.8,0.8,0.8,0.4,0.4,0.4,0.4,2.02,1.18,1.18,2.02,0.6,0.6,1,1,1.48368256276209,1.48431318913874,0.747267406892003,0.746439576459677,-0.0283665274887154,0.560081200445233,1,1,1,1,1,1,10
"11",1,1,4,4,0.8,0.8,0.8,0.8,0.4,0.4,0.4,0.4,2.02,1.18,1.18,2.02,0.6,0.6,1,1,1.48368256276209,1.48431318913874,0.747267406892003,0.746439576459677,-0.0283665274887154,0.560081200445233,1,1,2,0,1,1,11
"12",1,1,4,4,0.8,0.8,0.8,0.8,0.4,0.4,0.4,0.4,2.02,1.18,1.18,2.02,0.6,0.6,1,1,1.48368256276209,1.48431318913874,0.747267406892003,0.746439576459677,-0.0283665274887154,0.560081200445233,1,1,2,0,1,1,12
"13",1,1,4,4,0.8,0.8,0.8,0.8,0.4,0.4,0.4,0.4,2.02,1.18,1.17,2.03,0.6,0.6,1,1,1.4850772193568,1.48170306582614,0.749063780482155,0.744476480422612,-0.028217105233002,0.560193437236796,1,1,2,1,1,1,13
"14",1,1,4,4,0.8,0.8,0.8,0.8,0.4,0.4,0.4,0.4,2.02,1.18,1.17,2.03,0.6,0.6,1,1,1.4850772193568,1.48170306582614,0.749063780482155,0.744476480422612,-0.028217105233002,0.560193437236796,1,1,2,0,1,1,14
"15",1,1,4,4,0.8,0.8,0.8,0.8,0.4,0.4,0.4,0.4,2.03,1.17,1.17,2.03,0.6,0.6,1,1,1.48193458176843,1.4825663001081,0.746884669523505,0.746075638418003,-0.0280341949060325,0.56028926310645,1,1,1,1,1,1,15
"16",1,1,4,4,0.8,0.8,0.8,0.8,0.4,0.4,0.4,0.4,2.04,1.16,1.17,2.03,0.6,0.6,1,1,1.47990211229468,1.48337427153764,0.744192122230543,0.748619240278185,-0.0278871829736321,0.560405203342534,1,1,1,1,1,1,16
"17",1,1,4,4,0.8,0.8,0.8,0.8,0.4,0.4,0.4,0.4,2.04,1.16,1.17,2.03,0.6,0.6,1,1,1.47990211229468,1.48337427153764,0.744192122230543,0.748619240278185,-0.0278871829736321,0.560405203342534,1,1,2,0,1,1,17
"18",1,1,4,4,0.8,0.8,0.8,0.8,0.4,0.4,0.4,0.4,2.04,1.16,1.17,2.03,0.6,0.6,1,1,1.47990211229468,1.48337427153764,0.744192122230543,0.748619240278185,-0.0278871829736321,0.560405203342534,1,1,2,0,1,1,18
"19",1,1,4,4,0.8,0.8,0.8,0.8,0.4,0.4,0.4,0.4,2.04,1.16,1.16,2.04,0.6,0.6,1,1,1.48078322910225,1.48019642813012,0.745747532471329,0.746480461656914,-0.0277046412183597,0.560501218389521,1,1,2,1,1,1,19
"20",1,1,4,4,0.8,0.8,0.8,0.8,0.4,0.4,0.4,0.4,2.05,1.15,1.16,2.04,0.6,0.6,1,1,1.47827091291691,1.48149345641393,0.743686786854266,0.74839068760572,-0.0275576537449791,0.560616343290841,1,1,1,1,1,1,20
"21",1,1,4,4,0.8,0.8,0.8,0.8,0.4,0.4,0.4,0.4,2.05,1.15,1.16,2.04,0.6,0.6,1,1,1.47827091291691,1.48149345641393,0.743686786854266,0.74839068760572,-0.0275576537449791,0.560616343290841,1,1,2,0,1,1,21
"22",1,1,4,4,0.8,0.8,0.8,0.8,0.4,0.4,0.4,0.4,2.06,1.14,1.16,2.04,0.6,0.6,1,1,1.47710969567132,1.48240163862344,0.740305622686368,0.751079282847329,-0.0273436634718013,0.560578562454469,1,1,1,1,1,1,22
"23",1,1,4,4,0.8,0.8,0.8,0.8,0.4,0.4,0.4,0.4,2.07,1.13,1.16,2.04,0.6,0.6,1,1,1.47412099849356,1.4815566289054,0.737313974247085,0.75399814394724,-0.0272435163492654,0.560851089238552,1,1,1,1,1,1,23
"24",1,1,4,4,0.8,0.8,0.8,0.8,0.4,0.4,0.4,0.4,2.08,1.12,1.16,2.04,0.6,0.6,1,1,1.47202611042461,1.4825213357141,0.734780610148579,0.756221608989696,-0.0270874880965598,0.560930738495191,1,1,1,1,1,1,24
"25",1,1,4,4,0.8,0.8,0.8,0.8,0.4,0.4,0.4,0.4,2.09,1.11,1.16,2.04,0.6,0.6,1,1,1.46997390732262,1.48269785667998,0.731703140780807,0.758834153752957,-0.0269265182214687,0.561022397266512,1,1,1,1,1,1,25
"26",1,1,4,4,0.8,0.8,0.8,0.8,0.4,0.4,0.4,0.4,2.09,1.11,1.16,2.04,0.6,0.6,1,1,1.46997390732262,1.48269785667998,0.731703140780807,0.758834153752957,-0.0269265182214687,0.561022397266512,1,1,2,0,1,1,26
"27",1,1,4,4,0.8,0.8,0.8,0.8,0.4,0.4,0.4,0.4,2.09,1.11,1.15,2.05,0.6,0.6,1,1,1.47099789635532,1.47992878799162,0.733581881254921,0.756621849445367,-0.0267529780296602,0.561135442941719,1,1,2,1,1,1,27
"28",1,1,4,4,0.8,0.8,0.8,0.8,0.4,0.4,0.4,0.4,2.09,1.11,1.15,2.05,0.6,0.6,1,1,1.47099789635532,1.47992878799162,0.733581881254921,0.756621849445367,-0.0267529780296602,0.561135442941719,1,1,2,0,1,1,28
"29",1,1,4,4,0.8,0.8,0.8,0.8,0.4,0.4,0.4,0.4,2.09,1.11,1.15,2.05,0.6,0.6,1,1,1.47099789635532,1.47992878799162,0.733581881254921,0.756621849445367,-0.0267529780296602,0.561135442941719,1,1,1,0,1,1,29
"30",1,1,4,4,0.8,0.8,0.8,0.8,0.4,0.4,0.4,0.4,2.1,1.1,1.15,2.05,0.6,0.6,1,1,1.46848412470263,1.48082558649071,0.731232177681818,0.758531954563669,-0.0265930233453564,0.561217503822581,1,1,1,1,1,1,30
"31",1,1,4,4,0.8,0.8,0.8,0.8,0.4,0.4,0.4,0.4,2.1,1.1,1.15,2.05,0.6,0.6,1,1,1.46848412470263,1.48082558649071,0.731232177681818,0.758531954563669,-0.0265930233453564,0.561217503822581,1,1,2,0,1,1,31
"32",1,1,4,4,0.8,0.8,0.8,0.8,0.4,0.4,0.4,0.4,2.1,1.1,1.15,2.05,0.6,0.6,1,1,1.46848412470263,1.48082558649071,0.731232177681818,0.758531954563669,-0.0265930233453564,0.561217503822581,1,1,1,0,1,1,32
"33",1,1,4,4,0.8,0.8,0.8,0.8,0.4,0.4,0.4,0.4,2.11,1.09,1.15,2.05,0.6,0.6,1,1,1.46656602781213,1.48133090925869,0.728484758408897,0.761138363428296,-0.0264634699304498,0.56134258707528,1,1,1,1,1,1,33
"34",1,1,4,4,0.8,0.8,0.8,0.8,0.4,0.4,0.4,0.4,2.11,1.09,1.15,2.05,0.6,0.6,1,1,1.46656602781213,1.48133090925869,0.728484758408897,0.761138363428296,-0.0264634699304498,0.56134258707528,1,1,1,0,1,1,34
"35",1,1,4,4,0.8,0.8,0.8,0.8,0.4,0.4,0.4,0.4,2.12,1.08,1.15,2.05,0.6,0.6,1,1,1.4645252167104,1.48139227851573,0.725400599370919,0.763704847265961,-0.0263035446861253,0.561429034857127,1,1,1,1,1,1,35
"36",1,1,4,4,0.8,0.8,0.8,0.8,0.4,0.4,0.4,0.4,2.13,1.07,1.15,2.05,0.6,0.6,1,1,1.46282509641061,1.48190816666934,0.722532876149316,0.766310913460273,-0.0261627893156683,0.561518322500794,1,1,1,1,1,1,36
"37",1,1,4,4,0.8,0.8,0.8,0.8,0.4,0.4,0.4,0.4,2.13,1.07,1.15,2.05,0.6,0.6,1,1,1.46282509641061,1.48190816666934,0.722532876149316,0.766310913460273,-0.0261627893156683,0.561518322500794,1,1,2,0,1,1,37
"38",1,1,4,4,0.8,0.8,0.8,0.8,0.4,0.4,0.4,0.4,2.13,1.07,1.14,2.06,0.6,0.6,1,1,1.46342416510846,1.47893237249035,0.724469016957867,0.763866360610911,-0.0259724543732261,0.561635170935105,1,1,2,1,1,1,38
"39",1,1,4,4,0.8,0.8,0.8,0.8,0.4,0.4,0.4,0.4,2.13,1.07,1.14,2.06,0.6,0.6,1,1,1.46342416510846,1.47893237249035,0.724469016957867,0.763866360610911,-0.0259724543732261,0.561635170935105,1,1,2,0,1,1,39
"40",1,1,4,4,0.8,0.8,0.8,0.8,0.4,0.4,0.4,0.4,2.13,1.07,1.13,2.07,0.6,0.6,1,1,1.4638976588833,1.47691889205084,0.727055930596808,0.760941871478575,-0.0257944025592471,0.561737054151157,1,1,2,1,1,1,40
"41",1,1,4,4,0.8,0.8,0.8,0.8,0.4,0.4,0.4,0.4,2.13,1.07,1.12,2.08,0.6,0.6,1,1,1.46406016365058,1.47471767310213,0.729711857724732,0.758009553520765,-0.0256328168773861,0.561877104158549,1,1,2,1,1,1,41
"42",1,1,4,4,0.8,0.8,0.8,0.8,0.4,0.4,0.4,0.4,2.13,1.07,1.11,2.09,0.6,0.6,1,1,1.46425692656073,1.47262579171152,0.732272164613259,0.754954660459193,-0.0254489623900001,0.561968445489069,1,1,2,1,1,1,42
"43",1,1,4,4,0.8,0.8,0.8,0.8,0.4,0.4,0.4,0.4,2.13,1.07,1.11,2.09,0.6,0.6,1,1,1.46425692656073,1.47262579171152,0.732272164613259,0.754954660459193,-0.0254489623900001,0.561968445489069,1,1,1,0,1,1,43
"44",1,1,4,4,0.8,0.8,0.8,0.8,0.4,0.4,0.4,0.4,2.14,1.06,1.11,2.09,0.6,0.6,1,1,1.46200970281293,1.47354600530655,0.729911516145976,0.757027861020355,-0.0253020288010246,0.562062278758497,1,1,1,1,1,1,44
"45",1,1,4,4,0.8,0.8,0.8,0.8,0.4,0.4,0.4,0.4,2.14,1.06,1.11,2.09,0.6,0.6,1,1,1.46200970281293,1.47354600530655,0.729911516145976,0.757027861020355,-0.0253020288010246,0.562062278758497,1,1,1,0,1,1,45
"46",1,1,4,4,0.8,0.8,0.8,0.8,0.4,0.4,0.4,0.4,2.15,1.05,1.11,2.09,0.6,0.6,1,1,1.46007965406682,1.47368512235412,0.726926291380698,0.75955224315458,-0.0251442849788938,0.562148957658498,1,1,1,1,1,1,46
"47",1,1,4,4,0.8,0.8,0.8,0.8,0.4,0.4,0.4,0.4,2.15,1.05,1.11,2.09,0.6,0.6,1,1,1.46007965406682,1.47368512235412,0.726926291380698,0.75955224315458,-0.0251442849788938,0.562148957658498,1,1,1,0,1,1,47
"48",1,1,4,4,0.8,0.8,0.8,0.8,0.4,0.4,0.4,0.4,2.15,1.05,1.11,2.09,0.6,0.6,1,1,1.46007965406682,1.47368512235412,0.726926291380698,0.75955224315458,-0.0251442849788938,0.562148957658498,1,1,2,0,1,1,48
"49",1,1,4,4,0.8,0.8,0.8,0.8,0.4,0.4,0.4,0.4,2.16,1.04,1.11,2.09,0.6,0.6,1,1,1.45835680873939,1.47407662807529,0.724105536188336,0.762147566046032,-0.0250075707829242,0.5622533521156,1,1,1,1,1,1,49
"50",1,1,4,4,0.8,0.8,0.8,0.8,0.4,0.4,0.4,0.4,2.17,1.03,1.11,2.09,0.6,0.6,1,1,1.45647750537971,1.47415132562233,0.721113101966161,0.76467034076886,-0.0248536350185192,0.562338104580837,1,1,1,1,1,1,50
"51",1,1,4,4,0.8,0.8,0.8,0.8,0.4,0.4,0.4,0.4,2.17,1.03,1.1,2.1,0.6,0.6,1,1,1.45709761344715,1.47168624417781,0.723372512639803,0.762147209472944,-0.0246860921260026,0.562470479109354,1,1,2,1,1,1,51
"52",1,1,4,4,0.8,0.8,0.8,0.8,0.4,0.4,0.4,0.4,2.17,1.03,1.09,2.11,0.6,0.6,1,1,1.45721404311593,1.46954231201061,0.725929221694388,0.759168985222558,-0.0245090048229527,0.56258321634446,1,1,2,1,1,1,52
"53",1,1,4,4,0.8,0.8,0.8,0.8,0.4,0.4,0.4,0.4,2.17,1.03,1.08,2.12,0.6,0.6,1,1,1.45744456512456,1.46760186959226,0.728476751590988,0.756149142903383,-0.0243247192200644,0.562668585153225,1,1,2,1,1,1,53
"54",1,1,4,4,0.8,0.8,0.8,0.8,0.4,0.4,0.4,0.4,2.17,1.03,1.08,2.12,0.6,0.6,1,1,1.45744456512456,1.46760186959226,0.728476751590988,0.756149142903383,-0.0243247192200644,0.562668585153225,1,1,2,0,1,1,54
"55",1,1,4,4,0.8,0.8,0.8,0.8,0.4,0.4,0.4,0.4,2.17,1.03,1.07,2.13,0.6,0.6,1,1,1.457639472052,1.46564786029907,0.73107530767034,0.753214390999221,-0.024158300146436,0.562781273410865,1,1,2,1,1,1,55
"56",1,1,4,4,0.8,0.8,0.8,0.8,0.4,0.4,0.4,0.4,2.18,1.02,1.07,2.13,0.6,0.6,1,1,1.45550042622141,1.46625091800046,0.728573075869841,0.755459117539868,-0.0240182393701133,0.562891847369654,1,1,1,1,1,1,56
"57",1,1,4,4,0.8,0.8,0.8,0.8,0.4,0.4,0.4,0.4,2.19,1.01,1.07,2.13,0.6,0.6,1,1,1.45363752998241,1.46638451225032,0.725720337464234,0.757978619713646,-0.0238744535204573,0.562998428789797,1,1,1,1,1,1,57
"58",1,1,4,4,0.8,0.8,0.8,0.8,0.4,0.4,0.4,0.4,2.19,1.01,1.06,2.14,0.6,0.6,1,1,1.45406830830622,1.46399109160017,0.727903502132524,0.755265379711256,-0.0236878288285294,0.563086624578722,1,1,2,1,1,1,58
"59",1,1,4,4,0.8,0.8,0.8,0.8,0.4,0.4,0.4,0.4,2.19,1.01,1.06,2.14,0.6,0.6,1,1,1.45406830830622,1.46399109160017,0.727903502132524,0.755265379711256,-0.0236878288285294,0.563086624578722,1,1,1,0,1,1,59
"60",1,1,4,4,0.8,0.8,0.8,0.8,0.4,0.4,0.4,0.4,2.19,1.01,1.06,2.14,0.6,0.6,1,1,1.45406830830622,1.46399109160017,0.727903502132524,0.755265379711256,-0.0236878288285294,0.563086624578722,1,1,2,0,1,1,60
"61",1,1,4,4,0.8,0.8,0.8,0.8,0.4,0.4,0.4,0.4,2.19,1.01,1.06,2.14,0.6,0.6,1,1,1.45406830830622,1.46399109160017,0.727903502132524,0.755265379711256,-0.0236878288285294,0.563086624578722,1,1,2,0,1,1,61
"62",1,1,4,4,0.8,0.8,0.8,0.8,0.4,0.4,0.4,0.4,2.19,1.01,1.05,2.15,0.6,0.6,1,1,1.45439596908396,1.46216062309368,0.730496934524343,0.752433726930519,-0.0235291906189536,0.563203258814374,1,1,2,1,1,1,62
"63",1,1,4,4,0.8,0.8,0.8,0.8,0.4,0.4,0.4,0.4,2.19,1.01,1.05,2.15,0.6,0.6,1,1,1.45439596908396,1.46216062309368,0.730496934524343,0.752433726930519,-0.0235291906189536,0.563203258814374,1,1,2,0,1,1,63
"64",1,1,4,4,0.8,0.8,0.8,0.8,0.4,0.4,0.4,0.4,2.19,1.01,1.04,2.16,0.6,0.6,1,1,1.45433629542224,1.46009553986053,0.732996657789362,0.74942399923195,-0.0233535723732614,0.563302975513755,1,1,2,1,1,1,64
"65",1,1,4,4,0.8,0.8,0.8,0.8,0.4,0.4,0.4,0.4,2.19,1.01,1.04,2.16,0.6,0.6,1,1,1.45433629542224,1.46009553986053,0.732996657789362,0.74942399923195,-0.0233535723732614,0.563302975513755,1,1,2,0,1,1,65
"66",1,1,4,4,0.8,0.8,0.8,0.8,0.4,0.4,0.4,0.4,2.2,1,1.04,2.16,0.6,0.6,1,1,1.45247288381518,1.46084060827834,0.730494102815785,0.751744662367594,-0.0232135951027056,0.563405040167631,1,1,1,1,1,1,66
"67",1,1,4,4,0.8,0.8,0.8,0.8,0.4,0.4,0.4,0.4,2.2,1,1.04,2.16,0.6,0.6,1,1,1.45247288381518,1.46084060827834,0.730494102815785,0.751744662367594,-0.0232135951027056,0.563405040167631,1,1,1,0,1,1,67
"68",1,1,4,4,0.8,0.8,0.8,0.8,0.4,0.4,0.4,0.4,2.2,1,1.03,2.17,0.6,0.6,1,1,1.45365448817439,1.45955403669917,0.732675964116889,0.748842116820111,-0.0229842130475182,0.563354661190047,1,1,2,1,1,1,68
"69",1,1,4,4,0.8,0.8,0.8,0.8,0.4,0.4,0.4,0.4,2.2,1,1.02,2.18,0.6,0.6,1,1,1.45260107634407,1.45654300398538,0.735302095136921,0.746027263502367,-0.0228760657866667,0.563619820143728,1,1,2,1,1,1,69
"70",1,1,4,4,0.8,0.8,0.8,0.8,0.4,0.4,0.4,0.4,2.2,1,1.02,2.18,0.6,0.6,1,1,1.45260107634407,1.45654300398538,0.735302095136921,0.746027263502367,-0.0228760657866667,0.563619820143728,1,1,2,0,1,1,70
"71",1,1,4,4,0.8,0.8,0.8,0.8,0.4,0.4,0.4,0.4,2.21,0.99,1.02,2.18,0.6,0.6,1,1,1.45095067525521,1.45714358214982,0.732631774974043,0.748442021542148,-0.0227250850091829,0.563704837836048,1,1,1,1,1,1,71
"72",1,1,4,4,0.8,0.8,0.8,0.8,0.4,0.4,0.4,0.4,2.21,0.99,1.01,2.19,0.6,0.6,1,1,1.45109756096514,1.45476937813628,0.734897853820021,0.745730361192512,-0.0225612274780462,0.563821335212061,1,1,2,1,1,1,72
"73",1,1,4,4,0.8,0.8,0.8,0.8,0.4,0.4,0.4,0.4,2.22,0.98,1.01,2.19,0.6,0.6,1,1,1.44927092753611,1.45529487275627,0.73221691094116,0.748027431836199,-0.0224007394057934,0.563896140581794,1,1,1,1,1,1,73
"74",1,1,4,4,0.8,0.8,0.8,0.8,0.4,0.4,0.4,0.4,2.22,0.98,1.01,2.19,0.6,0.6,1,1,1.44927092753611,1.45529487275627,0.73221691094116,0.748027431836199,-0.0224007394057934,0.563896140581794,1,1,1,0,1,1,74
"75",1,1,4,4,0.8,0.8,0.8,0.8,0.4,0.4,0.4,0.4,2.22,0.98,1.01,2.19,0.6,0.6,1,1,1.44927092753611,1.45529487275627,0.73221691094116,0.748027431836199,-0.0224007394057934,0.563896140581794,1,1,2,0,1,1,75
"76",1,1,4,4,0.8,0.8,0.8,0.8,0.4,0.4,0.4,0.4,2.22,0.98,1,2.2,0.6,0.6,1,1,1.44950316865127,1.45315909045968,0.734537694015279,0.745284423603051,-0.0222349538570977,0.563999156498707,1,1,2,1,1,1,76
"77",1,1,4,4,0.8,0.8,0.8,0.8,0.4,0.4,0.4,0.4,2.23,0.97,1,2.2,0.6,0.6,1,1,1.44766593127459,1.45357477224033,0.731889905275517,0.747659103969959,-0.0220885946315617,0.564101165098651,1,1,1,1,1,1,77
"78",1,1,4,4,0.8,0.8,0.8,0.8,0.4,0.4,0.4,0.4,2.23,0.97,1,2.2,0.6,0.6,1,1,1.44766593127459,1.45357477224033,0.731889905275517,0.747659103969959,-0.0220885946315617,0.564101165098651,1,1,1,0,1,1,78
"79",1,1,4,4,0.8,0.8,0.8,0.8,0.4,0.4,0.4,0.4,2.23,0.97,1,2.2,0.6,0.6,1,1,1.44766593127459,1.45357477224033,0.731889905275517,0.747659103969959,-0.0220885946315617,0.564101165098651,1,1,1,0,1,1,79
"80",1,1,4,4,0.8,0.8,0.8,0.8,0.4,0.4,0.4,0.4,2.23999999999999,0.96,1,2.2,0.6,0.6,1,1,1.44586073726138,1.45356313475053,0.728989956076637,0.750049873411835,-0.0219250791402166,0.564180209802801,1,1,1,1,1,1,80
"81",1,1,4,4,0.8,0.8,0.8,0.8,0.4,0.4,0.4,0.4,2.23999999999999,0.96,1,2.2,0.6,0.6,1,1,1.44586073726138,1.45356313475053,0.728989956076637,0.750049873411835,-0.0219250791402166,0.564180209802801,1,1,1,0,1,1,81
"82",1,1,4,4,0.8,0.8,0.8,0.8,0.4,0.4,0.4,0.4,2.23999999999999,0.96,0.99,2.21,0.6,0.6,1,1,1.44618692280199,1.4516630504606,0.731429750438999,0.747350273781877,-0.0217702242249281,0.56429583106667,1,1,2,1,1,1,82
"83",1,1,4,4,0.8,0.8,0.8,0.8,0.4,0.4,0.4,0.4,2.23999999999999,0.96,0.98,2.22,0.6,0.6,1,1,1.44616943212268,1.4497444520392,0.733916525238549,0.744531630781057,-0.0216161541112944,0.564417276298445,1,1,2,1,1,1,83
"84",1,1,4,4,0.8,0.8,0.8,0.8,0.4,0.4,0.4,0.4,2.23999999999999,0.96,0.98,2.22,0.6,0.6,1,1,1.44616943212268,1.4497444520392,0.733916525238549,0.744531630781057,-0.0216161541112944,0.564417276298445,1,1,2,0,1,1,84
"85",1,1,4,4,0.8,0.8,0.8,0.8,0.4,0.4,0.4,0.4,2.23999999999999,0.96,0.98,2.22,0.6,0.6,1,1,1.44616943212268,1.4497444520392,0.733916525238549,0.744531630781057,-0.0216161541112944,0.564417276298445,1,1,2,0,1,1,85
"86",1,1,4,4,0.8,0.8,0.8,0.8,0.4,0.4,0.4,0.4,2.23999999999999,0.96,0.97,2.23,0.6,0.6,1,1,1.44625314389892,1.44795964327544,0.736340329318499,0.741670840235949,-0.0214492222809197,0.564505704847521,1,1,2,1,1,1,86
"87",1,1,4,4,0.8,0.8,0.8,0.8,0.4,0.4,0.4,0.4,2.23999999999999,0.96,0.97,2.23,0.6,0.6,1,1,1.44625314389892,1.44795964327544,0.736340329318499,0.741670840235949,-0.0214492222809197,0.564505704847521,1,1,2,0,1,1,87
"88",1,1,4,4,0.8,0.8,0.8,0.8,0.4,0.4,0.4,0.4,2.23999999999999,0.96,0.97,2.23,0.6,0.6,1,1,1.44625314389892,1.44795964327544,0.736340329318499,0.741670840235949,-0.0214492222809197,0.564505704847521,1,1,2,0,1,1,88
"89",1,1,4,4,0.8,0.8,0.8,0.8,0.4,0.4,0.4,0.4,2.23999999999999,0.96,0.97,2.23,0.6,0.6,1,1,1.44625314389892,1.44795964327544,0.736340329318499,0.741670840235949,-0.0214492222809197,0.564505704847521,1,1,2,0,1,1,89
"90",1,1,4,4,0.8,0.8,0.8,0.8,0.4,0.4,0.4,0.4,2.23999999999999,0.96,0.97,2.23,0.6,0.6,1,1,1.44625314389892,1.44795964327544,0.736340329318499,0.741670840235949,-0.0214492222809197,0.564505704847521,1,1,2,0,1,1,90
"91",1,1,4,4,0.8,0.8,0.8,0.8,0.4,0.4,0.4,0.4,2.23999999999999,0.96,0.96,2.23999999999999,0.6,0.6,1,1,1.44637122783086,1.44624779003714,0.738775325509205,0.73884014455425,-0.0212872065077119,0.564595436932315,1,1,2,1,1,1,91
"92",1,1,4,4,0.8,0.8,0.8,0.8,0.4,0.4,0.4,0.4,2.23999999999999,0.96,0.95,2.24999999999999,0.6,0.6,1,1,1.44644920726041,1.44451294469681,0.74122041783344,0.73605067092212,-0.0211339719040426,0.564697718005339,1,1,2,1,1,1,92
"93",1,1,4,4,0.8,0.8,0.8,0.8,0.4,0.4,0.4,0.4,2.24999999999999,0.95,0.95,2.24999999999999,0.6,0.6,1,1,1.44456567219918,1.44467033040624,0.738483352827105,0.738435626944781,-0.0209792748213217,0.564802764366466,1,1,1,1,1,1,93
"94",1,1,4,4,0.8,0.8,0.8,0.8,0.4,0.4,0.4,0.4,2.24999999999999,0.95,0.94,2.25999999999999,0.6,0.6,1,1,1.44473075503278,1.44283907195227,0.740833783344719,0.735673155706252,-0.0208193206139839,0.564892799701115,1,1,2,1,1,1,94
"95",1,1,4,4,0.8,0.8,0.8,0.8,0.4,0.4,0.4,0.4,2.24999999999999,0.95,0.94,2.25999999999999,0.6,0.6,1,1,1.44473075503278,1.44283907195227,0.740833783344719,0.735673155706252,-0.0208193206139839,0.564892799701115,1,1,2,0,1,1,95
"96",1,1,4,4,0.8,0.8,0.8,0.8,0.4,0.4,0.4,0.4,2.24999999999999,0.95,0.94,2.25999999999999,0.6,0.6,1,1,1.44473075503278,1.44283907195227,0.740833783344719,0.735673155706252,-0.0208193206139839,0.564892799701115,1,1,1,0,1,1,96
"97",1,1,4,4,0.8,0.8,0.8,0.8,0.4,0.4,0.4,0.4,2.24999999999999,0.95,0.93,2.26999999999999,0.6,0.6,1,1,1.4448263511338,1.44117545115425,0.743226846987437,0.732883000450456,-0.0206614591105182,0.564979753839159,1,1,2,1,1,1,97
"98",1,1,4,4,0.8,0.8,0.8,0.8,0.4,0.4,0.4,0.4,2.24999999999999,0.95,0.93,2.26999999999999,0.6,0.6,1,1,1.4448263511338,1.44117545115425,0.743226846987437,0.732883000450456,-0.0206614591105182,0.564979753839159,1,1,1,0,1,1,98
"99",1,1,4,4,0.8,0.8,0.8,0.8,0.4,0.4,0.4,0.4,2.24999999999999,0.95,0.93,2.26999999999999,0.6,0.6,1,1,1.4448263511338,1.44117545115425,0.743226846987437,0.732883000450456,-0.0206614591105182,0.564979753839159,1,1,2,0,1,1,99
"100",1,1,4,4,0.8,0.8,0.8,0.8,0.4,0.4,0.4,0.4,2.24999999999999,0.95,0.93,2.26999999999999,0.6,0.6,1,1,1.4448263511338,1.44117545115425,0.743226846987437,0.732883000450456,-0.0206614591105182,0.564979753839159,1,1,1,0,1,1,100
"101",1,1,4,4,0.8,0.8,0.8,0.8,0.4,0.4,0.4,0.4,2.25999999999999,0.94,0.93,2.26999999999999,0.6,0.6,1,1,1.44299792694503,1.44129027774206,0.740503691085398,0.73531141280658,-0.0205115194419461,0.565095233513217,1,1,1,1,1,1,101
"102",1,1,4,4,0.8,0.8,0.8,0.8,0.4,0.4,0.4,0.4,2.25999999999999,0.94,0.93,2.26999999999999,0.6,0.6,1,1,1.44299792694503,1.44129027774206,0.740503691085398,0.73531141280658,-0.0205115194419461,0.565095233513217,1,1,2,0,1,1,102
"103",1,1,4,4,0.8,0.8,0.8,0.8,0.4,0.4,0.4,0.4,2.25999999999999,0.94,0.93,2.26999999999999,0.6,0.6,1,1,1.44299792694503,1.44129027774206,0.740503691085398,0.73531141280658,-0.0205115194419461,0.565095233513217,1,1,2,0,1,1,103
"104",1,1,4,4,0.8,0.8,0.8,0.8,0.4,0.4,0.4,0.4,2.26999999999999,0.93,0.93,2.26999999999999,0.6,0.6,1,1,1.4412296459807,1.44128887237389,0.737707988500854,0.737694873588602,-0.0203520387650405,0.56519118118809,1,1,1,1,1,1,104
"105",1,1,4,4,0.8,0.8,0.8,0.8,0.4,0.4,0.4,0.4,2.26999999999999,0.93,0.92,2.27999999999999,0.6,0.6,1,1,1.44142865687578,1.43960105580606,0.740137652467353,0.735008009545342,-0.0202067048463045,0.565300443591432,1,1,2,1,1,1,105
"106",1,1,4,4,0.8,0.8,0.8,0.8,0.4,0.4,0.4,0.4,2.27999999999999,0.92,0.92,2.27999999999999,0.6,0.6,1,1,1.43950976356212,1.43955599616941,0.737350102040444,0.737348299198674,-0.0200472617224829,0.565400333853031,1,1,1,1,1,1,106
"107",1,1,4,4,0.8,0.8,0.8,0.8,0.4,0.4,0.4,0.4,2.27999999999999,0.92,0.92,2.27999999999999,0.6,0.6,1,1,1.43950976356212,1.43955599616941,0.737350102040444,0.737348299198674,-0.0200472617224829,0.565400333853031,1,1,2,0,1,1,107
"108",1,1,4,4,0.8,0.8,0.8,0.8,0.4,0.4,0.4,0.4,2.28999999999999,0.91,0.92,2.27999999999999,0.6,0.6,1,1,1.4379692717436,1.43976270892679,0.734647068620543,0.739761480915957,-0.0198960870972038,0.565494939258838,1,1,1,1,1,1,108
"109",1,1,4,4,0.8,0.8,0.8,0.8,0.4,0.4,0.4,0.4,2.28999999999999,0.91,0.92,2.27999999999999,0.6,0.6,1,1,1.4379692717436,1.43976270892679,0.734647068620543,0.739761480915957,-0.0198960870972038,0.565494939258838,1,1,2,0,1,1,109
"110",1,1,4,4,0.8,0.8,0.8,0.8,0.4,0.4,0.4,0.4,2.28999999999999,0.91,0.91,2.28999999999999,0.6,0.6,1,1,1.43788505898564,1.43785529051583,0.736991441323087,0.73698154331796,-0.0197389280100393,0.565598422487341,1,1,2,1,1,1,110
"111",1,1,4,4,0.8,0.8,0.8,0.8,0.4,0.4,0.4,0.4,2.28999999999999,0.91,0.9,2.29999999999999,0.6,0.6,1,1,1.43806554656359,1.4363164985071,0.739377403486232,0.734275243943638,-0.0195852616746087,0.565688571077533,1,1,2,1,1,1,111
"112",1,1,4,4,0.8,0.8,0.8,0.8,0.4,0.4,0.4,0.4,2.28999999999999,0.91,0.89,2.30999999999999,0.6,0.6,1,1,1.43797280844588,1.43456671301534,0.741680600499242,0.731504659553775,-0.0194261886668318,0.565776883143428,1,1,2,1,1,1,112
"113",1,1,4,4,0.8,0.8,0.8,0.8,0.4,0.4,0.4,0.4,2.28999999999999,0.91,0.89,2.30999999999999,0.6,0.6,1,1,1.43797280844588,1.43456671301534,0.741680600499242,0.731504659553775,-0.0194261886668318,0.565776883143428,1,1,2,0,1,1,113
"114",1,1,4,4,0.8,0.8,0.8,0.8,0.4,0.4,0.4,0.4,2.28999999999999,0.91,0.88,2.31999999999999,0.6,0.6,1,1,1.43814387468621,1.43306514832276,0.744059448405331,0.728842366447752,-0.0192800594083672,0.565871488065895,1,1,2,1,1,1,114
"115",1,1,4,4,0.8,0.8,0.8,0.8,0.4,0.4,0.4,0.4,2.28999999999999,0.91,0.88,2.31999999999999,0.6,0.6,1,1,1.43814387468621,1.43306514832276,0.744059448405331,0.728842366447752,-0.0192800594083672,0.565871488065895,1,1,2,0,1,1,115
"116",1,1,4,4,0.8,0.8,0.8,0.8,0.4,0.4,0.4,0.4,2.28999999999999,0.91,0.87,2.32999999999999,0.6,0.6,1,1,1.43803338373771,1.43133237358079,0.746339605691773,0.726108073186663,-0.0191264934886972,0.565961376356991,1,1,2,1,1,1,116
"117",1,1,4,4,0.8,0.8,0.8,0.8,0.4,0.4,0.4,0.4,2.28999999999999,0.91,0.87,2.32999999999999,0.6,0.6,1,1,1.43803338373771,1.43133237358079,0.746339605691773,0.726108073186663,-0.0191264934886972,0.565961376356991,1,1,1,0,1,1,117
"118",1,1,4,4,0.8,0.8,0.8,0.8,0.4,0.4,0.4,0.4,2.28999999999999,0.91,0.87,2.32999999999999,0.6,0.6,1,1,1.43803338373771,1.43133237358079,0.746339605691773,0.726108073186663,-0.0191264934886972,0.565961376356991,1,1,2,0,1,1,118
"119",1,1,4,4,0.8,0.8,0.8,0.8,0.4,0.4,0.4,0.4,2.28999999999999,0.91,0.86,2.33999999999999,0.6,0.6,1,1,1.43819558953662,1.42986677991297,0.748687077791394,0.723466660064245,-0.0189826135038002,0.56605155650068,1,1,2,1,1,1,119
"120",1,1,4,4,0.8,0.8,0.8,0.8,0.4,0.4,0.4,0.4,2.28999999999999,0.91,0.86,2.33999999999999,0.6,0.6,1,1,1.43819558953662,1.42986677991297,0.748687077791394,0.723466660064245,-0.0189826135038002,0.56605155650068,1,1,1,0,1,1,120
"121",1,1,4,4,0.8,0.8,0.8,0.8,0.4,0.4,0.4,0.4,2.28999999999999,0.91,0.86,2.33999999999999,0.6,0.6,1,1,1.43819558953662,1.42986677991297,0.748687077791394,0.723466660064245,-0.0189826135038002,0.56605155650068,1,1,1,0,1,1,121
"122",1,1,4,4,0.8,0.8,0.8,0.8,0.4,0.4,0.4,0.4,2.29999999999999,0.9,0.86,2.33999999999999,0.6,0.6,1,1,1.43737691454281,1.43074011089513,0.74579873216495,0.725712535703969,-0.0187600201746696,0.566005733173157,1,1,1,1,1,1,122
"123",1,1,4,4,0.8,0.8,0.8,0.8,0.4,0.4,0.4,0.4,2.30999999999999,0.89,0.86,2.33999999999999,0.6,0.6,1,1,1.4344922741911,1.42955512867409,0.743176196458702,0.728145680620569,-0.018663764275382,0.566270144241624,1,1,1,1,1,1,123
"124",1,1,4,4,0.8,0.8,0.8,0.8,0.4,0.4,0.4,0.4,2.30999999999999,0.89,0.85,2.34999999999999,0.6,0.6,1,1,1.43483574400702,1.42830545003605,0.7455406272068,0.72550539385056,-0.018513241744153,0.566342441563871,1,1,2,1,1,1,124
"125",1,1,4,4,0.8,0.8,0.8,0.8,0.4,0.4,0.4,0.4,2.30999999999999,0.89,0.85,2.34999999999999,0.6,0.6,1,1,1.43483574400702,1.42830545003605,0.7455406272068,0.72550539385056,-0.018513241744153,0.566342441563871,1,1,2,0,1,1,125
"126",1,1,4,4,0.8,0.8,0.8,0.8,0.4,0.4,0.4,0.4,2.30999999999999,0.89,0.84,2.35999999999999,0.6,0.6,1,1,1.43463978070765,1.42654885458387,0.74777566868938,0.722819898271889,-0.0183648396489056,0.566438313679892,1,1,2,1,1,1,126
"127",1,1,4,4,0.8,0.8,0.8,0.8,0.4,0.4,0.4,0.4,2.30999999999999,0.89,0.84,2.35999999999999,0.6,0.6,1,1,1.43463978070765,1.42654885458387,0.74777566868938,0.722819898271889,-0.0183648396489056,0.566438313679892,1,1,2,0,1,1,127
"128",1,1,4,4,0.8,0.8,0.8,0.8,0.4,0.4,0.4,0.4,2.30999999999999,0.89,0.84,2.35999999999999,0.6,0.6,1,1,1.43463978070765,1.42654885458387,0.74777566868938,0.722819898271889,-0.0183648396489056,0.566438313679892,1,1,1,0,1,1,128
"129",1,1,4,4,0.8,0.8,0.8,0.8,0.4,0.4,0.4,0.4,2.30999999999999,0.89,0.83,2.36999999999999,0.6,0.6,1,1,1.43479694679963,1.42514292477415,0.750055407806223,0.720191207352295,-0.018216381144203,0.566514505840051,1,1,2,1,1,1,129
"130",1,1,4,4,0.8,0.8,0.8,0.8,0.4,0.4,0.4,0.4,2.30999999999999,0.89,0.83,2.36999999999999,0.6,0.6,1,1,1.43479694679963,1.42514292477415,0.750055407806223,0.720191207352295,-0.018216381144203,0.566514505840051,1,1,1,0,1,1,130
"131",1,1,4,4,0.8,0.8,0.8,0.8,0.4,0.4,0.4,0.4,2.31999999999999,0.88,0.83,2.36999999999999,0.6,0.6,1,1,1.43301773971028,1.42493933388021,0.747330245433783,0.722594958244083,-0.0180655888384703,0.56664081390184,1,1,1,1,1,1,131
"132",1,1,4,4,0.8,0.8,0.8,0.8,0.4,0.4,0.4,0.4,2.32999999999999,0.87,0.83,2.36999999999999,0.6,0.6,1,1,1.43135352409326,1.42491695279608,0.744558701332436,0.724834211879072,-0.0178881227021403,0.566710460930498,1,1,1,1,1,1,132
"133",1,1,4,4,0.8,0.8,0.8,0.8,0.4,0.4,0.4,0.4,2.33999999999999,0.86,0.83,2.36999999999999,0.6,0.6,1,1,1.42983036165184,1.42501250689085,0.741965428341792,0.727232442479748,-0.0177447175775371,0.566829432361526,1,1,1,1,1,1,133
"134",1,1,4,4,0.8,0.8,0.8,0.8,0.4,0.4,0.4,0.4,2.33999999999999,0.86,0.83,2.36999999999999,0.6,0.6,1,1,1.42983036165184,1.42501250689085,0.741965428341792,0.727232442479748,-0.0177447175775371,0.566829432361526,1,1,2,0,1,1,134
"135",1,1,4,4,0.8,0.8,0.8,0.8,0.4,0.4,0.4,0.4,2.33999999999999,0.86,0.83,2.36999999999999,0.6,0.6,1,1,1.42983036165184,1.42501250689085,0.741965428341792,0.727232442479748,-0.0177447175775371,0.566829432361526,1,1,2,0,1,1,135
"136",1,1,4,4,0.8,0.8,0.8,0.8,0.4,0.4,0.4,0.4,2.33999999999999,0.86,0.83,2.36999999999999,0.6,0.6,1,1,1.42983036165184,1.42501250689085,0.741965428341792,0.727232442479748,-0.0177447175775371,0.566829432361526,1,1,2,0,1,1,136
"137",1,1,4,4,0.8,0.8,0.8,0.8,0.4,0.4,0.4,0.4,2.33999999999999,0.86,0.82,2.37999999999999,0.6,0.6,1,1,1.42957876250764,1.42332976871164,0.744187115639824,0.724482517058801,-0.0175867103454419,0.566909764358918,1,1,2,1,1,1,137
"138",1,1,4,4,0.8,0.8,0.8,0.8,0.4,0.4,0.4,0.4,2.33999999999999,0.86,0.82,2.37999999999999,0.6,0.6,1,1,1.42957876250764,1.42332976871164,0.744187115639824,0.724482517058801,-0.0175867103454419,0.566909764358918,1,1,2,0,1,1,138
"139",1,1,4,4,0.8,0.8,0.8,0.8,0.4,0.4,0.4,0.4,2.34999999999999,0.85,0.82,2.37999999999999,0.6,0.6,1,1,1.42883204106307,1.42431118778064,0.741525761624649,0.726884481502307,-0.0174051153832717,0.566925810201879,1,1,1,1,1,1,139
"140",1,1,4,4,0.8,0.8,0.8,0.8,0.4,0.4,0.4,0.4,2.34999999999999,0.85,0.82,2.37999999999999,0.6,0.6,1,1,1.42883204106307,1.42431118778064,0.741525761624649,0.726884481502307,-0.0174051153832717,0.566925810201879,1,1,1,0,1,1,140
"141",1,1,4,4,0.8,0.8,0.8,0.8,0.4,0.4,0.4,0.4,2.35999999999999,0.84,0.82,2.37999999999999,0.6,0.6,1,1,1.42625718534224,1.42314052899419,0.738866223889696,0.7290902023076,-0.0172801268801529,0.567121496047573,1,1,1,1,1,1,141
"142",1,1,4,4,0.8,0.8,0.8,0.8,0.4,0.4,0.4,0.4,2.35999999999999,0.84,0.81,2.38999999999999,0.6,0.6,1,1,1.4264588141016,1.42189081636489,0.741182387956891,0.726490287299301,-0.0171308823848704,0.567200254907435,1,1,2,1,1,1,142
"143",1,1,4,4,0.8,0.8,0.8,0.8,0.4,0.4,0.4,0.4,2.35999999999999,0.84,0.81,2.38999999999999,0.6,0.6,1,1,1.4264588141016,1.42189081636489,0.741182387956891,0.726490287299301,-0.0171308823848704,0.567200254907435,1,1,1,0,1,1,143
"144",1,1,4,4,0.8,0.8,0.8,0.8,0.4,0.4,0.4,0.4,2.35999999999999,0.84,0.81,2.38999999999999,0.6,0.6,1,1,1.4264588141016,1.42189081636489,0.741182387956891,0.726490287299301,-0.0171308823848704,0.567200254907435,1,1,2,0,1,1,144
"145",1,1,4,4,0.8,0.8,0.8,0.8,0.4,0.4,0.4,0.4,2.35999999999999,0.84,0.81,2.38999999999999,0.6,0.6,1,1,1.4264588141016,1.42189081636489,0.741182387956891,0.726490287299301,-0.0171308823848704,0.567200254907435,1,1,2,0,1,1,145
"146",1,1,4,4,0.8,0.8,0.8,0.8,0.4,0.4,0.4,0.4,2.35999999999999,0.84,0.81,2.38999999999999,0.6,0.6,1,1,1.4264588141016,1.42189081636489,0.741182387956891,0.726490287299301,-0.0171308823848704,0.567200254907435,1,1,1,0,1,1,146
"147",1,1,4,4,0.8,0.8,0.8,0.8,0.4,0.4,0.4,0.4,2.36999999999999,0.83,0.81,2.38999999999999,0.6,0.6,1,1,1.42470632773026,1.4215538671863,0.738444887222432,0.72876736799614,-0.0169742333969923,0.567304237329847,1,1,1,1,1,1,147
"148",1,1,4,4,0.8,0.8,0.8,0.8,0.4,0.4,0.4,0.4,2.36999999999999,0.83,0.81,2.38999999999999,0.6,0.6,1,1,1.42470632773026,1.4215538671863,0.738444887222432,0.72876736799614,-0.0169742333969923,0.567304237329847,1,1,1,0,1,1,148
"149",1,1,4,4,0.8,0.8,0.8,0.8,0.4,0.4,0.4,0.4,2.36999999999999,0.83,0.8,2.39999999999999,0.6,0.6,1,1,1.42480454198095,1.42030151917401,0.740790806807665,0.726177888384318,-0.0168316884518768,0.567396325125907,1,1,2,1,1,1,149
"150",1,1,4,4,0.8,0.8,0.8,0.8,0.4,0.4,0.4,0.4,2.36999999999999,0.83,0.8,2.39999999999999,0.6,0.6,1,1,1.42480454198095,1.42030151917401,0.740790806807665,0.726177888384318,-0.0168316884518768,0.567396325125907,1,1,1,0,1,1,150
"151",1,1,4,4,0.8,0.8,0.8,0.8,0.4,0.4,0.4,0.4,2.36999999999999,0.83,0.8,2.39999999999999,0.6,0.6,1,1,1.42480454198095,1.42030151917401,0.740790806807665,0.726177888384318,-0.0168316884518768,0.567396325125907,1,1,1,0,1,1,151
"152",1,1,4,4,0.8,0.8,0.8,0.8,0.4,0.4,0.4,0.4,2.37999999999999,0.82,0.8,2.39999999999999,0.6,0.6,1,1,1.42303848026406,1.41991764229725,0.738037806231163,0.728412529436662,-0.0166704714586366,0.567492510888082,1,1,1,1,1,1,152
"153",1,1,4,4,0.8,0.8,0.8,0.8,0.4,0.4,0.4,0.4,2.37999999999999,0.82,0.8,2.39999999999999,0.6,0.6,1,1,1.42303848026406,1.41991764229725,0.738037806231163,0.728412529436662,-0.0166704714586366,0.567492510888082,1,1,2,0,1,1,153
"154",1,1,4,4,0.8,0.8,0.8,0.8,0.4,0.4,0.4,0.4,2.37999999999999,0.82,0.79,2.40999999999999,0.6,0.6,1,1,1.42315572692865,1.41871280234153,0.740350019636609,0.725822204818061,-0.0165231285409103,0.567574334889159,1,1,2,1,1,1,154
"155",1,1,4,4,0.8,0.8,0.8,0.8,0.4,0.4,0.4,0.4,2.37999999999999,0.82,0.78,2.41999999999999,0.6,0.6,1,1,1.42295742512751,1.41700941255173,0.742442171713601,0.723182331901741,-0.0163641612256202,0.567648709781571,1,1,2,1,1,1,155
"156",1,1,4,4,0.8,0.8,0.8,0.8,0.4,0.4,0.4,0.4,2.38999999999999,0.81,0.78,2.41999999999999,0.6,0.6,1,1,1.42229997643379,1.41780980558731,0.739823702980001,0.725602763201524,-0.0161918632166437,0.567681257627823,1,1,1,1,1,1,156
"157",1,1,4,4,0.8,0.8,0.8,0.8,0.4,0.4,0.4,0.4,2.38999999999999,0.81,0.78,2.41999999999999,0.6,0.6,1,1,1.42229997643379,1.41780980558731,0.739823702980001,0.725602763201524,-0.0161918632166437,0.567681257627823,1,1,1,0,1,1,157
"158",1,1,4,4,0.8,0.8,0.8,0.8,0.4,0.4,0.4,0.4,2.38999999999999,0.81,0.77,2.42999999999999,0.6,0.6,1,1,1.42120341578189,1.41525325523921,0.742042373753058,0.722922079898334,-0.0160774326820427,0.567867245641231,1,1,2,1,1,1,158
"159",1,1,4,4,0.8,0.8,0.8,0.8,0.4,0.4,0.4,0.4,2.38999999999999,0.81,0.77,2.42999999999999,0.6,0.6,1,1,1.42120341578189,1.41525325523921,0.742042373753058,0.722922079898334,-0.0160774326820427,0.567867245641231,1,1,1,0,1,1,159
"160",1,1,4,4,0.8,0.8,0.8,0.8,0.4,0.4,0.4,0.4,2.39999999999999,0.8,0.77,2.42999999999999,0.6,0.6,1,1,1.4199723213902,1.41542574946341,0.739447812700127,0.725207561075237,-0.0159170962427354,0.567944061944223,1,1,1,1,1,1,160
"161",1,1,4,4,0.8,0.8,0.8,0.8,0.4,0.4,0.4,0.4,2.39999999999999,0.8,0.77,2.42999999999999,0.6,0.6,1,1,1.4199723213902,1.41542574946341,0.739447812700127,0.725207561075237,-0.0159170962427354,0.567944061944223,1,1,1,0,1,1,161
"162",1,1,4,4,0.8,0.8,0.8,0.8,0.4,0.4,0.4,0.4,2.39999999999999,0.8,0.77,2.42999999999999,0.6,0.6,1,1,1.4199723213902,1.41542574946341,0.739447812700127,0.725207561075237,-0.0159170962427354,0.567944061944223,1,1,2,0,1,1,162
"163",1,1,4,4,0.8,0.8,0.8,0.8,0.4,0.4,0.4,0.4,2.40999999999999,0.79,0.77,2.42999999999999,0.6,0.6,1,1,1.41819941135849,1.4151773290331,0.736846437000372,0.727371628905483,-0.0157637166477717,0.568048283059306,1,1,1,1,1,1,163
"164",1,1,4,4,0.8,0.8,0.8,0.8,0.4,0.4,0.4,0.4,2.40999999999999,0.79,0.76,2.43999999999999,0.6,0.6,1,1,1.41821497438672,1.41393925749573,0.739110562603931,0.724834390155424,-0.0156205982055453,0.568138297714554,1,1,2,1,1,1,164
"165",1,1,4,4,0.8,0.8,0.8,0.8,0.4,0.4,0.4,0.4,2.40999999999999,0.79,0.75,2.44999999999999,0.6,0.6,1,1,1.41801566206488,1.41227378183682,0.741162319183079,0.722232821040419,-0.0154619023737229,0.568209875519826,1,1,2,1,1,1,165
"166",1,1,4,4,0.8,0.8,0.8,0.8,0.4,0.4,0.4,0.4,2.40999999999999,0.79,0.75,2.44999999999999,0.6,0.6,1,1,1.41801566206488,1.41227378183682,0.741162319183079,0.722232821040419,-0.0154619023737229,0.568209875519826,1,1,1,0,1,1,166
"167",1,1,4,4,0.8,0.8,0.8,0.8,0.4,0.4,0.4,0.4,2.41999999999999,0.78,0.75,2.44999999999999,0.6,0.6,1,1,1.41745625344774,1.41309366933679,0.738502025901872,0.724577189546886,-0.0152747265912867,0.568213370003934,1,1,1,1,1,1,167
"168",1,1,4,4,0.8,0.8,0.8,0.8,0.4,0.4,0.4,0.4,2.41999999999999,0.78,0.74,2.45999999999999,0.6,0.6,1,1,1.41759304709248,1.41183983413654,0.740707792329514,0.721909665928503,-0.0151104915147493,0.568261004666534,1,1,2,1,1,1,168
"169",1,1,4,4,0.8,0.8,0.8,0.8,0.4,0.4,0.4,0.4,2.41999999999999,0.78,0.73,2.46999999999999,0.6,0.6,1,1,1.4175670007864,1.4104150211741,0.742846067778832,0.719414470971925,-0.0149664941129899,0.568346396126954,1,1,2,1,1,1,169
"170",1,1,4,4,0.8,0.8,0.8,0.8,0.4,0.4,0.4,0.4,2.41999999999999,0.78,0.73,2.46999999999999,0.6,0.6,1,1,1.4175670007864,1.4104150211741,0.742846067778832,0.719414470971925,-0.0149664941129899,0.568346396126954,1,1,1,0,1,1,170
"171",1,1,4,4,0.8,0.8,0.8,0.8,0.4,0.4,0.4,0.4,2.42999999999999,0.77,0.73,2.46999999999999,0.6,0.6,1,1,1.41464637365752,1.40895686948472,0.740337290393889,0.721643158397655,-0.0148776549660153,0.568609594345809,1,1,1,1,1,1,171
"172",1,1,4,4,0.8,0.8,0.8,0.8,0.4,0.4,0.4,0.4,2.42999999999999,0.77,0.73,2.46999999999999,0.6,0.6,1,1,1.41464637365752,1.40895686948472,0.740337290393889,0.721643158397655,-0.0148776549660153,0.568609594345809,1,1,2,0,1,1,172
"173",1,1,4,4,0.8,0.8,0.8,0.8,0.4,0.4,0.4,0.4,2.42999999999999,0.77,0.72,2.47999999999999,0.6,0.6,1,1,1.4148472890329,1.40791758579462,0.742548332815714,0.719181136113741,-0.0147330108033034,0.568682003690824,1,1,2,1,1,1,173
"174",1,1,4,4,0.8,0.8,0.8,0.8,0.4,0.4,0.4,0.4,2.42999999999999,0.77,0.72,2.47999999999999,0.6,0.6,1,1,1.4148472890329,1.40791758579462,0.742548332815714,0.719181136113741,-0.0147330108033034,0.568682003690824,1,1,1,0,1,1,174
"175",1,1,4,4,0.8,0.8,0.8,0.8,0.4,0.4,0.4,0.4,2.43999999999999,0.76,0.72,2.47999999999999,0.6,0.6,1,1,1.41427222474297,1.40865596785272,0.739838081564572,0.721243379574945,-0.0145097614271355,0.568627299396365,1,1,1,1,1,1,175
"176",1,1,4,4,0.8,0.8,0.8,0.8,0.4,0.4,0.4,0.4,2.44999999999999,0.75,0.72,2.47999999999999,0.6,0.6,1,1,1.41151804506423,1.40732031914543,0.73737626663457,0.723474235401413,-0.014423540229834,0.568883615723158,1,1,1,1,1,1,176
"177",1,1,4,4,0.8,0.8,0.8,0.8,0.4,0.4,0.4,0.4,2.44999999999999,0.75,0.72,2.47999999999999,0.6,0.6,1,1,1.41151804506423,1.40732031914543,0.73737626663457,0.723474235401413,-0.014423540229834,0.568883615723158,1,1,1,0,1,1,177
"178",1,1,4,4,0.8,0.8,0.8,0.8,0.4,0.4,0.4,0.4,2.44999999999999,0.75,0.72,2.47999999999999,0.6,0.6,1,1,1.41151804506423,1.40732031914543,0.73737626663457,0.723474235401413,-0.014423540229834,0.568883615723158,1,1,1,0,1,1,178
"179",1,1,4,4,0.8,0.8,0.8,0.8,0.4,0.4,0.4,0.4,2.44999999999999,0.75,0.72,2.47999999999999,0.6,0.6,1,1,1.41151804506423,1.40732031914543,0.73737626663457,0.723474235401413,-0.014423540229834,0.568883615723158,1,1,2,0,1,1,179
"180",1,1,4,4,0.8,0.8,0.8,0.8,0.4,0.4,0.4,0.4,2.44999999999999,0.75,0.72,2.47999999999999,0.6,0.6,1,1,1.41151804506423,1.40732031914543,0.73737626663457,0.723474235401413,-0.014423540229834,0.568883615723158,1,1,2,0,1,1,180
"181",1,1,4,4,0.8,0.8,0.8,0.8,0.4,0.4,0.4,0.4,2.44999999999999,0.75,0.72,2.47999999999999,0.6,0.6,1,1,1.41151804506423,1.40732031914543,0.73737626663457,0.723474235401413,-0.014423540229834,0.568883615723158,1,1,1,0,1,1,181
"182",1,1,4,4,0.8,0.8,0.8,0.8,0.4,0.4,0.4,0.4,2.44999999999999,0.75,0.72,2.47999999999999,0.6,0.6,1,1,1.41151804506423,1.40732031914543,0.73737626663457,0.723474235401413,-0.014423540229834,0.568883615723158,1,1,2,0,1,1,182
"183",1,1,4,4,0.8,0.8,0.8,0.8,0.4,0.4,0.4,0.4,2.44999999999999,0.75,0.72,2.47999999999999,0.6,0.6,1,1,1.41151804506423,1.40732031914543,0.73737626663457,0.723474235401413,-0.014423540229834,0.568883615723158,1,1,1,0,1,1,183
"184",1,1,4,4,0.8,0.8,0.8,0.8,0.4,0.4,0.4,0.4,2.44999999999999,0.75,0.71,2.48999999999999,0.6,0.6,1,1,1.41164330094277,1.40617936620492,0.739479531143298,0.720973459729021,-0.0142652990208909,0.568937820571552,1,1,2,1,1,1,184
"185",1,1,4,4,0.8,0.8,0.8,0.8,0.4,0.4,0.4,0.4,2.44999999999999,0.75,0.7,2.49999999999999,0.6,0.6,1,1,1.41242498894751,1.40564031537923,0.741685541140464,0.718380575739962,-0.014082932059567,0.568925125351884,1,1,2,1,1,1,185
"186",1,1,4,4,0.8,0.8,0.8,0.8,0.4,0.4,0.4,0.4,2.44999999999999,0.75,0.7,2.49999999999999,0.6,0.6,1,1,1.41242498894751,1.40564031537923,0.741685541140464,0.718380575739962,-0.014082932059567,0.568925125351884,1,1,2,0,1,1,186
"187",1,1,4,4,0.8,0.8,0.8,0.8,0.4,0.4,0.4,0.4,2.44999999999999,0.75,0.7,2.49999999999999,0.6,0.6,1,1,1.41242498894751,1.40564031537923,0.741685541140464,0.718380575739962,-0.014082932059567,0.568925125351884,1,1,2,0,1,1,187
"188",1,1,4,4,0.8,0.8,0.8,0.8,0.4,0.4,0.4,0.4,2.44999999999999,0.75,0.7,2.49999999999999,0.6,0.6,1,1,1.41242498894751,1.40564031537923,0.741685541140464,0.718380575739962,-0.014082932059567,0.568925125351884,1,1,2,0,1,1,188
"189",1,1,4,4,0.8,0.8,0.8,0.8,0.4,0.4,0.4,0.4,2.44999999999999,0.75,0.7,2.49999999999999,0.6,0.6,1,1,1.41242498894751,1.40564031537923,0.741685541140464,0.718380575739962,-0.014082932059567,0.568925125351884,1,1,2,0,1,1,189
"190",1,1,4,4,0.8,0.8,0.8,0.8,0.4,0.4,0.4,0.4,2.44999999999999,0.75,0.7,2.49999999999999,0.6,0.6,1,1,1.41242498894751,1.40564031537923,0.741685541140464,0.718380575739962,-0.014082932059567,0.568925125351884,1,1,1,0,1,1,190
"191",1,1,4,4,0.8,0.8,0.8,0.8,0.4,0.4,0.4,0.4,2.45999999999999,0.74,0.7,2.49999999999999,0.6,0.6,1,1,1.40971486103905,1.40420766125237,0.739040665692308,0.720661633190899,-0.0139834332019309,0.56915902361008,1,1,1,1,1,1,191
"192",1,1,4,4,0.8,0.8,0.8,0.8,0.4,0.4,0.4,0.4,2.45999999999999,0.74,0.69,2.50999999999999,0.6,0.6,1,1,1.41065397570227,1.40392037270065,0.741338467509788,0.718131368852902,-0.0138093432225923,0.569153801345394,1,1,2,1,1,1,192
"193",1,1,4,4,0.8,0.8,0.8,0.8,0.4,0.4,0.4,0.4,2.45999999999999,0.74,0.679999999999999,2.51999999999999,0.6,0.6,1,1,1.4096872714104,1.40151360329836,0.74320279493903,0.715789520543302,-0.0136969035369872,0.569319853215641,1,1,2,1,1,1,193
"194",1,1,4,4,0.8,0.8,0.8,0.8,0.4,0.4,0.4,0.4,2.45999999999999,0.74,0.679999999999999,2.51999999999999,0.6,0.6,1,1,1.4096872714104,1.40151360329836,0.74320279493903,0.715789520543302,-0.0136969035369872,0.569319853215641,1,1,2,0,1,1,194
"195",1,1,4,4,0.8,0.8,0.8,0.8,0.4,0.4,0.4,0.4,2.46999999999999,0.73,0.679999999999999,2.51999999999999,0.6,0.6,1,1,1.40931619400695,1.4023143164157,0.740581886255129,0.718090984750457,-0.0135036244061776,0.569313929235545,1,1,1,1,1,1,195
"196",1,1,4,4,0.8,0.8,0.8,0.8,0.4,0.4,0.4,0.4,2.46999999999999,0.73,0.679999999999999,2.51999999999999,0.6,0.6,1,1,1.40931619400695,1.4023143164157,0.740581886255129,0.718090984750457,-0.0135036244061776,0.569313929235545,1,1,1,0,1,1,196
"197",1,1,4,4,0.8,0.8,0.8,0.8,0.4,0.4,0.4,0.4,2.46999999999999,0.73,0.679999999999999,2.51999999999999,0.6,0.6,1,1,1.40931619400695,1.4023143164157,0.740581886255129,0.718090984750457,-0.0135036244061776,0.569313929235545,1,1,2,0,1,1,197
"198",1,1,4,4,0.8,0.8,0.8,0.8,0.4,0.4,0.4,0.4,2.46999999999999,0.73,0.679999999999999,2.51999999999999,0.6,0.6,1,1,1.40931619400695,1.4023143164157,0.740581886255129,0.718090984750457,-0.0135036244061776,0.569313929235545,1,1,1,0,1,1,198
"199",1,1,4,4,0.8,0.8,0.8,0.8,0.4,0.4,0.4,0.4,2.46999999999999,0.73,0.679999999999999,2.51999999999999,0.6,0.6,1,1,1.40931619400695,1.4023143164157,0.740581886255129,0.718090984750457,-0.0135036244061776,0.569313929235545,1,1,2,0,1,1,199
"200",1,1,4,4,0.8,0.8,0.8,0.8,0.4,0.4,0.4,0.4,2.47999999999999,0.72,0.679999999999999,2.51999999999999,0.6,0.6,1,1,1.40779150647647,1.40239960038345,0.738162382609443,0.719991898498753,-0.0133292172562234,0.569370839103811,1,1,1,1,1,1,200
"201",1,1,4,4,0.8,0.8,0.8,0.8,0.4,0.4,0.4,0.4,2.47999999999999,0.72,0.679999999999999,2.51999999999999,0.6,0.6,1,1,1.40779150647647,1.40239960038345,0.738162382609443,0.719991898498753,-0.0133292172562234,0.569370839103811,1,1,1,0,1,1,201
"202",1,1,4,4,0.8,0.8,0.8,0.8,0.4,0.4,0.4,0.4,2.48999999999999,0.71,0.679999999999999,2.51999999999999,0.6,0.6,1,1,1.40640242231981,1.40237975636503,0.735660249298133,0.72207140598744,-0.0131670616427435,0.569444068052542,1,1,1,1,1,1,202
"203",1,1,4,4,0.8,0.8,0.8,0.8,0.4,0.4,0.4,0.4,2.48999999999999,0.71,0.679999999999999,2.51999999999999,0.6,0.6,1,1,1.40640242231981,1.40237975636503,0.735660249298133,0.72207140598744,-0.0131670616427435,0.569444068052542,1,1,2,0,1,1,203
"204",1,1,4,4,0.8,0.8,0.8,0.8,0.4,0.4,0.4,0.4,2.48999999999999,0.71,0.669999999999999,2.52999999999999,0.6,0.6,1,1,1.40501277854336,1.39967743020671,0.737771659757224,0.71970238136213,-0.0130928532959898,0.569692192332769,1,1,2,1,1,1,204
"205",1,1,4,4,0.8,0.8,0.8,0.8,0.4,0.4,0.4,0.4,2.49999999999999,0.7,0.669999999999999,2.52999999999999,0.6,0.6,1,1,1.40380353074772,1.39972211449475,0.735351689402941,0.721834653516737,-0.0129410268106026,0.569778110820665,1,1,1,1,1,1,205
"206",1,1,4,4,0.8,0.8,0.8,0.8,0.4,0.4,0.4,0.4,2.50999999999999,0.69,0.669999999999999,2.52999999999999,0.6,0.6,1,1,1.40210644083399,1.39942834996767,0.732842427010011,0.723831571979591,-0.0127840800694022,0.56986509881825,1,1,1,1,1,1,206
"207",1,1,4,4,0.8,0.8,0.8,0.8,0.4,0.4,0.4,0.4,2.51999999999999,0.679999999999999,0.669999999999999,2.52999999999999,0.6,0.6,1,1,1.40176939494432,1.40022657459726,0.730172141384796,0.726057224604576,-0.0125820738469033,0.569831485885365,1,1,1,1,1,1,207
"208",1,1,4,4,0.8,0.8,0.8,0.8,0.4,0.4,0.4,0.4,2.51999999999999,0.679999999999999,0.659999999999999,2.53999999999999,0.6,0.6,1,1,1.40170808968658,1.39909502706009,0.732385098648982,0.723453429359535,-0.0124270161597359,0.56989690360833,1,1,2,1,1,1,208
"209",1,1,4,4,0.8,0.8,0.8,0.8,0.4,0.4,0.4,0.4,2.51999999999999,0.679999999999999,0.659999999999999,2.53999999999999,0.6,0.6,1,1,1.40170808968658,1.39909502706009,0.732385098648982,0.723453429359535,-0.0124270161597359,0.56989690360833,1,1,2,0,1,1,209
"210",1,1,4,4,0.8,0.8,0.8,0.8,0.4,0.4,0.4,0.4,2.52999999999999,0.669999999999999,0.659999999999999,2.53999999999999,0.6,0.6,1,1,1.40020607423586,1.3989061929923,0.730008638562393,0.725555172101369,-0.0122919321400766,0.570012994739976,1,1,1,1,1,1,210
"211",1,1,4,4,0.8,0.8,0.8,0.8,0.4,0.4,0.4,0.4,2.52999999999999,0.669999999999999,0.659999999999999,2.53999999999999,0.6,0.6,1,1,1.40020607423586,1.3989061929923,0.730008638562393,0.725555172101369,-0.0122919321400766,0.570012994739976,1,1,2,0,1,1,211
"212",1,1,4,4,0.8,0.8,0.8,0.8,0.4,0.4,0.4,0.4,2.53999999999999,0.659999999999999,0.659999999999999,2.53999999999999,0.6,0.6,1,1,1.39883371439462,1.39883371439449,0.727548011080635,0.727548011080547,-0.0121314766009028,0.570077902673504,1,1,1,1,1,1,212
"213",1,1,4,4,0.8,0.8,0.8,0.8,0.4,0.4,0.4,0.4,2.53999999999999,0.659999999999999,0.659999999999999,2.53999999999999,0.6,0.6,1,1,1.39883371439462,1.39883371439449,0.727548011080635,0.727548011080547,-0.0121314766009028,0.570077902673504,1,1,2,0,1,1,213
"214",1,1,4,4,0.8,0.8,0.8,0.8,0.4,0.4,0.4,0.4,2.53999999999999,0.659999999999999,0.659999999999999,2.53999999999999,0.6,0.6,1,1,1.39883371439462,1.39883371439449,0.727548011080635,0.727548011080547,-0.0121314766009028,0.570077902673504,1,1,1,0,1,1,214
"215",1,1,4,4,0.8,0.8,0.8,0.8,0.4,0.4,0.4,0.4,2.53999999999999,0.659999999999999,0.649999999999999,2.54999999999999,0.6,0.6,1,1,1.39864939779611,1.3973626912957,0.729611955856733,0.725183682077781,-0.0119961363002849,0.5701862460513,1,1,2,1,1,1,215
"216",1,1,4,4,0.8,0.8,0.8,0.8,0.4,0.4,0.4,0.4,2.53999999999999,0.659999999999999,0.649999999999999,2.54999999999999,0.6,0.6,1,1,1.39864939779611,1.3973626912957,0.729611955856733,0.725183682077781,-0.0119961363002849,0.5701862460513,1,1,2,0,1,1,216
"217",1,1,4,4,0.8,0.8,0.8,0.8,0.4,0.4,0.4,0.4,2.53999999999999,0.659999999999999,0.639999999999999,2.55999999999999,0.6,0.6,1,1,1.39857291263035,1.39601251652549,0.731593973549545,0.722762789987522,-0.0118417911055104,0.570254902903592,1,1,2,1,1,1,217
"218",1,1,4,4,0.8,0.8,0.8,0.8,0.4,0.4,0.4,0.4,2.54999999999999,0.649999999999999,0.639999999999999,2.55999999999999,0.6,0.6,1,1,1.39580584257296,1.3945321602908,0.729222811724908,0.724819272375535,-0.011761643370783,0.570501972142341,1,1,1,1,1,1,218
"219",1,1,4,4,0.8,0.8,0.8,0.8,0.4,0.4,0.4,0.4,2.54999999999999,0.649999999999999,0.639999999999999,2.55999999999999,0.6,0.6,1,1,1.39580584257296,1.3945321602908,0.729222811724908,0.724819272375535,-0.011761643370783,0.570501972142341,1,1,1,0,1,1,219
"220",1,1,4,4,0.8,0.8,0.8,0.8,0.4,0.4,0.4,0.4,2.54999999999999,0.649999999999999,0.629999999999999,2.56999999999999,0.6,0.6,1,1,1.39658997395388,1.39439986752532,0.731436375578004,0.722269913710205,-0.0115714012711821,0.570477654751291,1,1,2,1,1,1,220
"221",1,1,4,4,0.8,0.8,0.8,0.8,0.4,0.4,0.4,0.4,2.54999999999999,0.649999999999999,0.619999999999999,2.57999999999999,0.6,0.6,1,1,1.39681730551423,1.39303407297496,0.733191194004573,0.72005613121935,-0.0114104645701111,0.57052618845705,1,1,2,1,1,1,221
"222",1,1,4,4,0.8,0.8,0.8,0.8,0.4,0.4,0.4,0.4,2.55999999999999,0.639999999999999,0.619999999999999,2.57999999999999,0.6,0.6,1,1,1.3955503894165,1.39304077106726,0.730795882065303,0.722064002891558,-0.0112530671589074,0.570597141090193,1,1,1,1,1,1,222
"223",1,1,4,4,0.8,0.8,0.8,0.8,0.4,0.4,0.4,0.4,2.56999999999999,0.629999999999999,0.619999999999999,2.57999999999999,0.6,0.6,1,1,1.39404284441704,1.39279426307709,0.728410251551366,0.72405664393343,-0.0111080785198636,0.570693443003579,1,1,1,1,1,1,223
"224",1,1,4,4,0.8,0.8,0.8,0.8,0.4,0.4,0.4,0.4,2.56999999999999,0.629999999999999,0.619999999999999,2.57999999999999,0.6,0.6,1,1,1.39404284441704,1.39279426307709,0.728410251551366,0.72405664393343,-0.0111080785198636,0.570693443003579,1,1,1,0,1,1,224
"225",1,1,4,4,0.8,0.8,0.8,0.8,0.4,0.4,0.4,0.4,2.56999999999999,0.629999999999999,0.609999999999999,2.58999999999999,0.6,0.6,1,1,1.39257596861633,1.39009119662024,0.730433389756517,0.721749673116372,-0.0110362676538294,0.570940912339923,1,1,2,1,1,1,225
"226",1,1,4,4,0.8,0.8,0.8,0.8,0.4,0.4,0.4,0.4,2.56999999999999,0.629999999999999,0.599999999999999,2.59999999999999,0.6,0.6,1,1,1.39330787929773,1.39001283812346,0.732590856113614,0.719200711790651,-0.0108408694881044,0.570905177855721,1,1,2,1,1,1,226
"227",1,1,4,4,0.8,0.8,0.8,0.8,0.4,0.4,0.4,0.4,2.57999999999999,0.619999999999999,0.599999999999999,2.59999999999999,0.6,0.6,1,1,1.39232230987026,1.38986170389062,0.730002153509651,0.721368116335182,-0.0106780282746035,0.570962584031333,1,1,1,1,1,1,227
"228",1,1,4,4,0.8,0.8,0.8,0.8,0.4,0.4,0.4,0.4,2.58999999999999,0.609999999999999,0.599999999999999,2.59999999999999,0.6,0.6,1,1,1.38958044852779,1.38835622796997,0.727649098998199,0.723343917042872,-0.0105947843464137,0.571197111134453,1,1,1,1,1,1,228
"229",1,1,4,4,0.8,0.8,0.8,0.8,0.4,0.4,0.4,0.4,2.58999999999999,0.609999999999999,0.599999999999999,2.59999999999999,0.6,0.6,1,1,1.38958044852779,1.38835622796997,0.727649098998199,0.723343917042872,-0.0105947843464137,0.571197111134453,1,1,2,0,1,1,229
"230",1,1,4,4,0.8,0.8,0.8,0.8,0.4,0.4,0.4,0.4,2.58999999999999,0.609999999999999,0.599999999999999,2.59999999999999,0.6,0.6,1,1,1.38958044852779,1.38835622796997,0.727649098998199,0.723343917042872,-0.0105947843464137,0.571197111134453,1,1,2,0,1,1,230
"231",1,1,4,4,0.8,0.8,0.8,0.8,0.4,0.4,0.4,0.4,2.58999999999999,0.609999999999999,0.599999999999999,2.59999999999999,0.6,0.6,1,1,1.38958044852779,1.38835622796997,0.727649098998199,0.723343917042872,-0.0105947843464137,0.571197111134453,1,1,2,0,1,1,231
"232",1,1,4,4,0.8,0.8,0.8,0.8,0.4,0.4,0.4,0.4,2.59999999999999,0.599999999999999,0.599999999999999,2.59999999999999,0.6,0.6,1,1,1.38949713883097,1.38903933324193,0.725106197701649,0.72552301530114,-0.0104000335919355,0.571170675577642,1,1,1,1,1,1,232
"233",1,1,4,4,0.8,0.8,0.8,0.8,0.4,0.4,0.4,0.4,2.59999999999999,0.599999999999999,0.599999999999999,2.59999999999999,0.6,0.6,1,1,1.38949713883097,1.38903933324193,0.725106197701649,0.72552301530114,-0.0104000335919355,0.571170675577642,1,1,1,0,1,1,233
"234",1,1,4,4,0.8,0.8,0.8,0.8,0.4,0.4,0.4,0.4,2.60999999999999,0.589999999999999,0.599999999999999,2.59999999999999,0.6,0.6,1,1,1.38685267747852,1.38806510180172,0.723009787562606,0.727290966980997,-0.0103110913687211,0.571379710607829,1,1,1,1,1,1,234
"235",1,1,4,4,0.8,0.8,0.8,0.8,0.4,0.4,0.4,0.4,2.60999999999999,0.589999999999999,0.599999999999999,2.59999999999999,0.6,0.6,1,1,1.38685267747852,1.38806510180172,0.723009787562606,0.727290966980997,-0.0103110913687211,0.571379710607829,1,1,2,0,1,1,235
"236",1,1,4,4,0.8,0.8,0.8,0.8,0.4,0.4,0.4,0.4,2.61999999999999,0.579999999999999,0.599999999999999,2.59999999999999,0.6,0.6,1,1,1.38683422467701,1.38876450990465,0.720456833586591,0.7294145738873,-0.0101093986225413,0.571335277577415,1,1,1,1,1,1,236
"237",1,1,4,4,0.8,0.8,0.8,0.8,0.4,0.4,0.4,0.4,2.61999999999999,0.579999999999999,0.589999999999999,2.60999999999999,0.6,0.6,1,1,1.38537457883319,1.3865753755535,0.722634728461208,0.726891872282467,-0.0100177484760645,0.571543382118636,1,1,2,1,1,1,237
"238",1,1,4,4,0.8,0.8,0.8,0.8,0.4,0.4,0.4,0.4,2.61999999999999,0.579999999999999,0.579999999999999,2.61999999999999,0.6,0.6,1,1,1.38599702253424,1.38650475944306,0.724731827748205,0.724304954004554,-0.00980995116140333,0.571494792888731,1,1,2,1,1,1,238
"239",1,1,4,4,0.8,0.8,0.8,0.8,0.4,0.4,0.4,0.4,2.61999999999999,0.579999999999999,0.579999999999999,2.61999999999999,0.6,0.6,1,1,1.38599702253424,1.38650475944306,0.724731827748205,0.724304954004554,-0.00980995116140333,0.571494792888731,1,1,2,0,1,1,239
"240",1,1,4,4,0.8,0.8,0.8,0.8,0.4,0.4,0.4,0.4,2.61999999999999,0.579999999999999,0.569999999999999,2.62999999999999,0.6,0.6,1,1,1.38636773282253,1.38517830739599,0.726475271872299,0.722242395269639,-0.00965911852594059,0.571560961426088,1,1,2,1,1,1,240
"241",1,1,4,4,0.8,0.8,0.8,0.8,0.4,0.4,0.4,0.4,2.61999999999999,0.579999999999999,0.559999999999999,2.63999999999999,0.6,0.6,1,1,1.38479138406421,1.38242391390579,0.728418889356313,0.719975836655202,-0.00959146745744316,0.571809073816052,1,1,2,1,1,1,241
"242",1,1,4,4,0.8,0.8,0.8,0.8,0.4,0.4,0.4,0.4,2.61999999999999,0.579999999999999,0.559999999999999,2.63999999999999,0.6,0.6,1,1,1.38479138406421,1.38242391390579,0.728418889356313,0.719975836655202,-0.00959146745744316,0.571809073816052,1,1,1,0,1,1,242
"243",1,1,4,4,0.8,0.8,0.8,0.8,0.4,0.4,0.4,0.4,2.61999999999999,0.579999999999999,0.549999999999999,2.64999999999999,0.6,0.6,1,1,1.38544249774335,1.38245557781925,0.730523402352283,0.71747264574858,-0.00939420589932317,0.571770067557141,1,1,2,1,1,1,243
"244",1,1,4,4,0.8,0.8,0.8,0.8,0.4,0.4,0.4,0.4,2.61999999999999,0.579999999999999,0.539999999999999,2.65999999999999,0.6,0.6,1,1,1.38449096844925,1.37980042291964,0.732230881970611,0.715438669517444,-0.00931268091310999,0.571977234667958,1,1,2,1,1,1,244
"245",1,1,4,4,0.8,0.8,0.8,0.8,0.4,0.4,0.4,0.4,2.62999999999999,0.569999999999999,0.539999999999999,2.65999999999999,0.6,0.6,1,1,1.38450224702037,1.38042033075513,0.729633158812757,0.717518128585075,-0.00909628377152334,0.571919579988425,1,1,1,1,1,1,245
"246",1,1,4,4,0.8,0.8,0.8,0.8,0.4,0.4,0.4,0.4,2.62999999999999,0.569999999999999,0.539999999999999,2.65999999999999,0.6,0.6,1,1,1.38450224702037,1.38042033075513,0.729633158812757,0.717518128585075,-0.00909628377152334,0.571919579988425,1,1,2,0,1,1,246
"247",1,1,4,4,0.8,0.8,0.8,0.8,0.4,0.4,0.4,0.4,2.62999999999999,0.569999999999999,0.539999999999999,2.65999999999999,0.6,0.6,1,1,1.38450224702037,1.38042033075513,0.729633158812757,0.717518128585075,-0.00909628377152334,0.571919579988425,1,1,1,0,1,1,247
"248",1,1,4,4,0.8,0.8,0.8,0.8,0.4,0.4,0.4,0.4,2.63999999999999,0.559999999999999,0.539999999999999,2.65999999999999,0.6,0.6,1,1,1.383053773233,1.38073041544063,0.727567835134812,0.719219785355857,-0.00894097766952344,0.571988068347148,1,1,1,1,1,1,248
"249",1,1,4,4,0.8,0.8,0.8,0.8,0.4,0.4,0.4,0.4,2.63999999999999,0.559999999999999,0.539999999999999,2.65999999999999,0.6,0.6,1,1,1.383053773233,1.38073041544063,0.727567835134812,0.719219785355857,-0.00894097766952344,0.571988068347148,1,1,2,0,1,1,249
"250",1,1,4,4,0.8,0.8,0.8,0.8,0.4,0.4,0.4,0.4,2.63999999999999,0.559999999999999,0.539999999999999,2.65999999999999,0.6,0.6,1,1,1.383053773233,1.38073041544063,0.727567835134812,0.719219785355857,-0.00894097766952344,0.571988068347148,1,1,2,0,1,1,250
"251",1,1,4,4,0.8,0.8,0.8,0.8,0.4,0.4,0.4,0.4,2.63999999999999,0.559999999999999,0.539999999999999,2.65999999999999,0.6,0.6,1,1,1.383053773233,1.38073041544063,0.727567835134812,0.719219785355857,-0.00894097766952344,0.571988068347148,1,1,2,0,1,1,251
"252",1,1,4,4,0.8,0.8,0.8,0.8,0.4,0.4,0.4,0.4,2.63999999999999,0.559999999999999,0.539999999999999,2.65999999999999,0.6,0.6,1,1,1.383053773233,1.38073041544063,0.727567835134812,0.719219785355857,-0.00894097766952344,0.571988068347148,1,1,1,0,1,1,252
"253",1,1,4,4,0.8,0.8,0.8,0.8,0.4,0.4,0.4,0.4,2.64999999999999,0.549999999999999,0.539999999999999,2.65999999999999,0.6,0.6,1,1,1.38167853147279,1.38052225356463,0.725298166564937,0.721135704359821,-0.00879996718598559,0.572082014590912,1,1,1,1,1,1,253
"254",1,1,4,4,0.8,0.8,0.8,0.8,0.4,0.4,0.4,0.4,2.64999999999999,0.549999999999999,0.539999999999999,2.65999999999999,0.6,0.6,1,1,1.38167853147279,1.38052225356463,0.725298166564937,0.721135704359821,-0.00879996718598559,0.572082014590912,1,1,1,0,1,1,254
"255",1,1,4,4,0.8,0.8,0.8,0.8,0.4,0.4,0.4,0.4,2.64999999999999,0.549999999999999,0.539999999999999,2.65999999999999,0.6,0.6,1,1,1.38167853147279,1.38052225356463,0.725298166564937,0.721135704359821,-0.00879996718598559,0.572082014590912,1,1,1,0,1,1,255
"256",1,1,4,4,0.8,0.8,0.8,0.8,0.4,0.4,0.4,0.4,2.65999999999999,0.539999999999999,0.539999999999999,2.65999999999999,0.6,0.6,1,1,1.37901186567219,1.37901186567214,0.72305279877969,0.723052798779915,-0.00872814614468398,0.572321227935434,1,1,1,1,1,1,256
"257",1,1,4,4,0.8,0.8,0.8,0.8,0.4,0.4,0.4,0.4,2.65999999999999,0.539999999999999,0.539999999999999,2.65999999999999,0.6,0.6,1,1,1.37901186567219,1.37901186567214,0.72305279877969,0.723052798779915,-0.00872814614468398,0.572321227935434,1,1,1,0,1,1,257
"258",1,1,4,4,0.8,0.8,0.8,0.8,0.4,0.4,0.4,0.4,2.65999999999999,0.539999999999999,0.539999999999999,2.65999999999999,0.6,0.6,1,1,1.37901186567219,1.37901186567214,0.72305279877969,0.723052798779915,-0.00872814614468398,0.572321227935434,1,1,2,0,1,1,258
"259",1,1,4,4,0.8,0.8,0.8,0.8,0.4,0.4,0.4,0.4,2.65999999999999,0.539999999999999,0.539999999999999,2.65999999999999,0.6,0.6,1,1,1.37901186567219,1.37901186567214,0.72305279877969,0.723052798779915,-0.00872814614468398,0.572321227935434,1,1,1,0,1,1,259
"260",1,1,4,4,0.8,0.8,0.8,0.8,0.4,0.4,0.4,0.4,2.65999999999999,0.539999999999999,0.539999999999999,2.65999999999999,0.6,0.6,1,1,1.37901186567219,1.37901186567214,0.72305279877969,0.723052798779915,-0.00872814614468398,0.572321227935434,1,1,2,0,1,1,260
"261",1,1,4,4,0.8,0.8,0.8,0.8,0.4,0.4,0.4,0.4,2.65999999999999,0.539999999999999,0.539999999999999,2.65999999999999,0.6,0.6,1,1,1.37901186567219,1.37901186567214,0.72305279877969,0.723052798779915,-0.00872814614468398,0.572321227935434,1,1,2,0,1,1,261
"262",1,1,4,4,0.8,0.8,0.8,0.8,0.4,0.4,0.4,0.4,2.65999999999999,0.539999999999999,0.539999999999999,2.65999999999999,0.6,0.6,1,1,1.37901186567219,1.37901186567214,0.72305279877969,0.723052798779915,-0.00872814614468398,0.572321227935434,1,1,1,0,1,1,262
"263",1,1,4,4,0.8,0.8,0.8,0.8,0.4,0.4,0.4,0.4,2.65999999999999,0.539999999999999,0.539999999999999,2.65999999999999,0.6,0.6,1,1,1.37901186567219,1.37901186567214,0.72305279877969,0.723052798779915,-0.00872814614468398,0.572321227935434,1,1,1,0,1,1,263
"264",1,1,4,4,0.8,0.8,0.8,0.8,0.4,0.4,0.4,0.4,2.66999999999999,0.529999999999999,0.539999999999999,2.65999999999999,0.6,0.6,1,1,1.37908170894928,1.37959516775981,0.720556296505822,0.725126268942044,-0.00852641734140643,0.572279494777218,1,1,1,1,1,1,264
"265",1,1,4,4,0.8,0.8,0.8,0.8,0.4,0.4,0.4,0.4,2.66999999999999,0.529999999999999,0.539999999999999,2.65999999999999,0.6,0.6,1,1,1.37908170894928,1.37959516775981,0.720556296505822,0.725126268942044,-0.00852641734140643,0.572279494777218,1,1,1,0,1,1,265
"266",1,1,4,4,0.8,0.8,0.8,0.8,0.4,0.4,0.4,0.4,2.66999999999999,0.529999999999999,0.539999999999999,2.65999999999999,0.6,0.6,1,1,1.37908170894928,1.37959516775981,0.720556296505822,0.725126268942044,-0.00852641734140643,0.572279494777218,1,1,2,0,1,1,266
"267",1,1,4,4,0.8,0.8,0.8,0.8,0.4,0.4,0.4,0.4,2.66999999999999,0.529999999999999,0.529999999999999,2.66999999999999,0.6,0.6,1,1,1.37877253018005,1.37877253017799,0.722670110911847,0.72267011091464,-0.00837762601116213,0.572350723038641,1,1,2,1,1,1,267
"268",1,1,4,4,0.8,0.8,0.8,0.8,0.4,0.4,0.4,0.4,2.66999999999999,0.529999999999999,0.519999999999999,2.67999999999999,0.6,0.6,1,1,1.37736535976179,1.37623029484086,0.724560630732408,0.720443666804318,-0.00830194432631504,0.57257555577599,1,1,2,1,1,1,268
"269",1,1,4,4,0.8,0.8,0.8,0.8,0.4,0.4,0.4,0.4,2.66999999999999,0.529999999999999,0.519999999999999,2.67999999999999,0.6,0.6,1,1,1.37736535976179,1.37623029484086,0.724560630732408,0.720443666804318,-0.00830194432631504,0.57257555577599,1,1,2,0,1,1,269
"270",1,1,4,4,0.8,0.8,0.8,0.8,0.4,0.4,0.4,0.4,2.67999999999999,0.519999999999999,0.519999999999999,2.67999999999999,0.6,0.6,1,1,1.37743419468626,1.37676042017844,0.722018148104729,0.722455257639932,-0.00808821565471876,0.572515749195136,1,1,1,1,1,1,270
"271",1,1,4,4,0.8,0.8,0.8,0.8,0.4,0.4,0.4,0.4,2.68999999999999,0.509999999999999,0.519999999999999,2.67999999999999,0.6,0.6,1,1,1.37602649441422,1.37715125458112,0.720030843650875,0.724124442461408,-0.00794084148884136,0.572585075343476,1,1,1,1,1,1,271
"272",1,1,4,4,0.8,0.8,0.8,0.8,0.4,0.4,0.4,0.4,2.68999999999999,0.509999999999999,0.519999999999999,2.67999999999999,0.6,0.6,1,1,1.37602649441422,1.37715125458112,0.720030843650875,0.724124442461408,-0.00794084148884136,0.572585075343476,1,1,2,0,1,1,272
"273",1,1,4,4,0.8,0.8,0.8,0.8,0.4,0.4,0.4,0.4,2.68999999999999,0.509999999999999,0.519999999999999,2.67999999999999,0.6,0.6,1,1,1.37602649441422,1.37715125458112,0.720030843650875,0.724124442461408,-0.00794084148884136,0.572585075343476,1,1,1,0,1,1,273
"274",1,1,4,4,0.8,0.8,0.8,0.8,0.4,0.4,0.4,0.4,2.68999999999999,0.509999999999999,0.519999999999999,2.67999999999999,0.6,0.6,1,1,1.37602649441422,1.37715125458112,0.720030843650875,0.724124442461408,-0.00794084148884136,0.572585075343476,1,1,2,0,1,1,274
"275",1,1,4,4,0.8,0.8,0.8,0.8,0.4,0.4,0.4,0.4,2.69999999999999,0.499999999999999,0.519999999999999,2.67999999999999,0.6,0.6,1,1,1.37336036623628,1.3755996228921,0.71785085653751,0.726016668280636,-0.00788009111096277,0.572833415645466,1,1,1,1,1,1,275
"276",1,1,4,4,0.8,0.8,0.8,0.8,0.4,0.4,0.4,0.4,2.69999999999999,0.499999999999999,0.519999999999999,2.67999999999999,0.6,0.6,1,1,1.37336036623628,1.3755996228921,0.71785085653751,0.726016668280636,-0.00788009111096277,0.572833415645466,1,1,1,0,1,1,276
"277",1,1,4,4,0.8,0.8,0.8,0.8,0.4,0.4,0.4,0.4,2.69999999999999,0.499999999999999,0.509999999999999,2.68999999999999,0.6,0.6,1,1,1.37390619344303,1.37573687151024,0.719867754419634,0.723499013795747,-0.00766653113527696,0.572775153321383,1,1,2,1,1,1,277
"278",1,1,4,4,0.8,0.8,0.8,0.8,0.4,0.4,0.4,0.4,2.69999999999999,0.499999999999999,0.509999999999999,2.68999999999999,0.6,0.6,1,1,1.37390619344303,1.37573687151024,0.719867754419634,0.723499013795747,-0.00766653113527696,0.572775153321383,1,1,2,0,1,1,278
"279",1,1,4,4,0.8,0.8,0.8,0.8,0.4,0.4,0.4,0.4,2.70999999999998,0.489999999999999,0.509999999999999,2.68999999999999,0.6,0.6,1,1,1.371787932734,1.37400698731947,0.717484346052424,0.725605113547326,-0.00759823112546457,0.57300556093473,1,1,1,1,1,1,279
"280",1,1,4,4,0.8,0.8,0.8,0.8,0.4,0.4,0.4,0.4,2.70999999999998,0.489999999999999,0.499999999999999,2.69999999999999,0.6,0.6,1,1,1.37236355347686,1.37421141985933,0.71952774523614,0.723138367959524,-0.00739093269624665,0.572957181671927,1,1,2,1,1,1,280
"281",1,1,4,4,0.8,0.8,0.8,0.8,0.4,0.4,0.4,0.4,2.70999999999998,0.489999999999999,0.489999999999999,2.70999999999998,0.6,0.6,1,1,1.37142587986573,1.3714258798971,0.721156087600335,0.721156087604182,-0.00730894909282509,0.573166396159562,1,1,2,1,1,1,281
"282",1,1,4,4,0.8,0.8,0.8,0.8,0.4,0.4,0.4,0.4,2.70999999999998,0.489999999999999,0.489999999999999,2.70999999999998,0.6,0.6,1,1,1.37142587986573,1.3714258798971,0.721156087600335,0.721156087604182,-0.00730894909282509,0.573166396159562,1,1,1,0,1,1,282
"283",1,1,4,4,0.8,0.8,0.8,0.8,0.4,0.4,0.4,0.4,2.70999999999998,0.489999999999999,0.489999999999999,2.70999999999998,0.6,0.6,1,1,1.37142587986573,1.3714258798971,0.721156087600335,0.721156087604182,-0.00730894909282509,0.573166396159562,1,1,2,0,1,1,283
"284",1,1,4,4,0.8,0.8,0.8,0.8,0.4,0.4,0.4,0.4,2.70999999999998,0.489999999999999,0.479999999999999,2.71999999999998,0.6,0.6,1,1,1.37192457948381,1.37159617948091,0.723168776309677,0.718711705154677,-0.00710561961836247,0.573121688035717,1,1,2,1,1,1,284
"285",1,1,4,4,0.8,0.8,0.8,0.8,0.4,0.4,0.4,0.4,2.70999999999998,0.489999999999999,0.479999999999999,2.71999999999998,0.6,0.6,1,1,1.37192457948381,1.37159617948091,0.723168776309677,0.718711705154677,-0.00710561961836247,0.573121688035717,1,1,2,0,1,1,285
"286",1,1,4,4,0.8,0.8,0.8,0.8,0.4,0.4,0.4,0.4,2.70999999999998,0.489999999999999,0.479999999999999,2.71999999999998,0.6,0.6,1,1,1.37192457948381,1.37159617948091,0.723168776309677,0.718711705154677,-0.00710561961836247,0.573121688035717,1,1,1,0,1,1,286
"287",1,1,4,4,0.8,0.8,0.8,0.8,0.4,0.4,0.4,0.4,2.70999999999998,0.489999999999999,0.479999999999999,2.71999999999998,0.6,0.6,1,1,1.37192457948381,1.37159617948091,0.723168776309677,0.718711705154677,-0.00710561961836247,0.573121688035717,1,1,1,0,1,1,287
"288",1,1,4,4,0.8,0.8,0.8,0.8,0.4,0.4,0.4,0.4,2.70999999999998,0.489999999999999,0.479999999999999,2.71999999999998,0.6,0.6,1,1,1.37192457948381,1.37159617948091,0.723168776309677,0.718711705154677,-0.00710561961836247,0.573121688035717,1,1,2,0,1,1,288
"289",1,1,4,4,0.8,0.8,0.8,0.8,0.4,0.4,0.4,0.4,2.70999999999998,0.489999999999999,0.479999999999999,2.71999999999998,0.6,0.6,1,1,1.37192457948381,1.37159617948091,0.723168776309677,0.718711705154677,-0.00710561961836247,0.573121688035717,1,1,2,0,1,1,289
"290",1,1,4,4,0.8,0.8,0.8,0.8,0.4,0.4,0.4,0.4,2.70999999999998,0.489999999999999,0.479999999999999,2.71999999999998,0.6,0.6,1,1,1.37192457948381,1.37159617948091,0.723168776309677,0.718711705154677,-0.00710561961836247,0.573121688035717,1,1,1,0,1,1,290
"291",1,1,4,4,0.8,0.8,0.8,0.8,0.4,0.4,0.4,0.4,2.71999999999998,0.479999999999999,0.479999999999999,2.71999999999998,0.6,0.6,1,1,1.36998397700696,1.36998397700519,0.720792100267439,0.720792100266962,-0.00702710696193704,0.57333281661283,1,1,1,1,1,1,291
"292",1,1,4,4,0.8,0.8,0.8,0.8,0.4,0.4,0.4,0.4,2.71999999999998,0.479999999999999,0.479999999999999,2.71999999999998,0.6,0.6,1,1,1.36998397700696,1.36998397700519,0.720792100267439,0.720792100266962,-0.00702710696193704,0.57333281661283,1,1,1,0,1,1,292
"293",1,1,4,4,0.8,0.8,0.8,0.8,0.4,0.4,0.4,0.4,2.72999999999998,0.469999999999999,0.479999999999999,2.71999999999998,0.6,0.6,1,1,1.36883967389243,1.37008011109047,0.718698305108313,0.722590793356542,-0.00688467476581492,0.573408072883668,1,1,1,1,1,1,293
"294",1,1,4,4,0.8,0.8,0.8,0.8,0.4,0.4,0.4,0.4,2.72999999999998,0.469999999999999,0.469999999999999,2.72999999999998,0.6,0.6,1,1,1.36967437169576,1.36970677978946,0.72040856225309,0.720395450889835,-0.00667956840187725,0.573364329071389,1,1,2,1,1,1,294
"295",1,1,4,4,0.8,0.8,0.8,0.8,0.4,0.4,0.4,0.4,2.72999999999998,0.469999999999999,0.459999999999999,2.73999999999998,0.6,0.6,1,1,1.36951243373608,1.36843686049031,0.72221930612838,0.718236713691847,-0.00654127516528799,0.573449823663918,1,1,2,1,1,1,295
"296",1,1,4,4,0.8,0.8,0.8,0.8,0.4,0.4,0.4,0.4,2.72999999999998,0.469999999999999,0.459999999999999,2.73999999999998,0.6,0.6,1,1,1.36951243373608,1.36843686049031,0.72221930612838,0.718236713691847,-0.00654127516528799,0.573449823663918,1,1,2,0,1,1,296
"297",1,1,4,4,0.8,0.8,0.8,0.8,0.4,0.4,0.4,0.4,2.72999999999998,0.469999999999999,0.449999999999999,2.74999999999998,0.6,0.6,1,1,1.36797465172978,1.3658331371755,0.724001830979197,0.71605756079137,-0.00647084878173912,0.57367210180272,1,1,2,1,1,1,297
"298",1,1,4,4,0.8,0.8,0.8,0.8,0.4,0.4,0.4,0.4,2.72999999999998,0.469999999999999,0.449999999999999,2.74999999999998,0.6,0.6,1,1,1.36797465172978,1.3658331371755,0.724001830979197,0.71605756079137,-0.00647084878173912,0.57367210180272,1,1,1,0,1,1,298
"299",1,1,4,4,0.8,0.8,0.8,0.8,0.4,0.4,0.4,0.4,2.72999999999998,0.469999999999999,0.449999999999999,2.74999999999998,0.6,0.6,1,1,1.36797465172978,1.3658331371755,0.724001830979197,0.71605756079137,-0.00647084878173912,0.57367210180272,1,1,1,0,1,1,299
"300",1,1,4,4,0.8,0.8,0.8,0.8,0.4,0.4,0.4,0.4,2.72999999999998,0.469999999999999,0.449999999999999,2.74999999999998,0.6,0.6,1,1,1.36797465172978,1.3658331371755,0.724001830979197,0.71605756079137,-0.00647084878173912,0.57367210180272,1,1,2,0,1,1,300
"301",1,1,4,4,0.8,0.8,0.8,0.8,0.4,0.4,0.4,0.4,2.72999999999998,0.469999999999999,0.449999999999999,2.74999999999998,0.6,0.6,1,1,1.36797465172978,1.3658331371755,0.724001830979197,0.71605756079137,-0.00647084878173912,0.57367210180272,1,1,2,0,1,1,301
"302",1,1,4,4,0.8,0.8,0.8,0.8,0.4,0.4,0.4,0.4,2.72999999999998,0.469999999999999,0.449999999999999,2.74999999999998,0.6,0.6,1,1,1.36797465172978,1.3658331371755,0.724001830979197,0.71605756079137,-0.00647084878173912,0.57367210180272,1,1,1,0,1,1,302
"303",1,1,4,4,0.8,0.8,0.8,0.8,0.4,0.4,0.4,0.4,2.72999999999998,0.469999999999999,0.439999999999999,2.75999999999998,0.6,0.6,1,1,1.36846978135863,1.36611319009524,0.725972650852453,0.713669291959238,-0.00626815727078498,0.573623642210637,1,1,2,1,1,1,303
"304",1,1,4,4,0.8,0.8,0.8,0.8,0.4,0.4,0.4,0.4,2.72999999999998,0.469999999999999,0.439999999999999,2.75999999999998,0.6,0.6,1,1,1.36846978135863,1.36611319009524,0.725972650852453,0.713669291959238,-0.00626815727078498,0.573623642210637,1,1,1,0,1,1,304
"305",1,1,4,4,0.8,0.8,0.8,0.8,0.4,0.4,0.4,0.4,2.73999999999998,0.459999999999999,0.439999999999999,2.75999999999998,0.6,0.6,1,1,1.36787123516062,1.36574821411902,0.723569862932584,0.71567013378388,-0.00610882517333884,0.573673932223707,1,1,1,1,1,1,305
"306",1,1,4,4,0.8,0.8,0.8,0.8,0.4,0.4,0.4,0.4,2.73999999999998,0.459999999999999,0.439999999999999,2.75999999999998,0.6,0.6,1,1,1.36787123516062,1.36574821411902,0.723569862932584,0.71567013378388,-0.00610882517333884,0.573673932223707,1,1,2,0,1,1,306
"307",1,1,4,4,0.8,0.8,0.8,0.8,0.4,0.4,0.4,0.4,2.73999999999998,0.459999999999999,0.439999999999999,2.75999999999998,0.6,0.6,1,1,1.36787123516062,1.36574821411902,0.723569862932584,0.71567013378388,-0.00610882517333884,0.573673932223707,1,1,1,0,1,1,307
"308",1,1,4,4,0.8,0.8,0.8,0.8,0.4,0.4,0.4,0.4,2.73999999999998,0.459999999999999,0.439999999999999,2.75999999999998,0.6,0.6,1,1,1.36787123516062,1.36574821411902,0.723569862932584,0.71567013378388,-0.00610882517333884,0.573673932223707,1,1,1,0,1,1,308
"309",1,1,4,4,0.8,0.8,0.8,0.8,0.4,0.4,0.4,0.4,2.74999999999998,0.449999999999999,0.439999999999999,2.75999999999998,0.6,0.6,1,1,1.36651069161344,1.36545377408163,0.721415560360645,0.717476357368289,-0.00597472946853551,0.5737720979048,1,1,1,1,1,1,309
"310",1,1,4,4,0.8,0.8,0.8,0.8,0.4,0.4,0.4,0.4,2.74999999999998,0.449999999999999,0.439999999999999,2.75999999999998,0.6,0.6,1,1,1.36651069161344,1.36545377408163,0.721415560360645,0.717476357368289,-0.00597472946853551,0.5737720979048,1,1,2,0,1,1,310
"311",1,1,4,4,0.8,0.8,0.8,0.8,0.4,0.4,0.4,0.4,2.75999999999998,0.439999999999999,0.439999999999999,2.75999999999998,0.6,0.6,1,1,1.36392442460049,1.36392442460075,0.719274943009261,0.719274943009273,-0.00590920967657733,0.574004356804251,1,1,1,1,1,1,311
"312",1,1,4,4,0.8,0.8,0.8,0.8,0.4,0.4,0.4,0.4,2.75999999999998,0.439999999999999,0.439999999999999,2.75999999999998,0.6,0.6,1,1,1.36392442460049,1.36392442460075,0.719274943009261,0.719274943009273,-0.00590920967657733,0.574004356804251,1,1,2,0,1,1,312
"313",1,1,4,4,0.8,0.8,0.8,0.8,0.4,0.4,0.4,0.4,2.75999999999998,0.439999999999999,0.439999999999999,2.75999999999998,0.6,0.6,1,1,1.36392442460049,1.36392442460075,0.719274943009261,0.719274943009273,-0.00590920967657733,0.574004356804251,1,1,2,0,1,1,313
"314",1,1,4,4,0.8,0.8,0.8,0.8,0.4,0.4,0.4,0.4,2.75999999999998,0.439999999999999,0.429999999999999,2.76999999999998,0.6,0.6,1,1,1.36411846603693,1.36286398472889,0.721023294128804,0.717226007160101,-0.00576251147774254,0.574068419342724,1,1,2,1,1,1,314
"315",1,1,4,4,0.8,0.8,0.8,0.8,0.4,0.4,0.4,0.4,2.76999999999998,0.429999999999999,0.429999999999999,2.76999999999998,0.6,0.6,1,1,1.36246924393946,1.36263171095542,0.718888499635393,0.718871215694915,-0.00562046265676214,0.57415028037604,1,1,1,1,1,1,315
"316",1,1,4,4,0.8,0.8,0.8,0.8,0.4,0.4,0.4,0.4,2.77999999999998,0.419999999999999,0.429999999999999,2.76999999999998,0.6,0.6,1,1,1.36138142594881,1.36262205739257,0.716793851261621,0.720638511613867,-0.00547724490864425,0.574221454415897,1,1,1,1,1,1,316
"317",1,1,4,4,0.8,0.8,0.8,0.8,0.4,0.4,0.4,0.4,2.77999999999998,0.419999999999999,0.419999999999999,2.77999999999998,0.6,0.6,1,1,1.36120254946967,1.36103177868321,0.718518275953561,0.71853088333566,-0.00534483549194636,0.574318301996758,1,1,2,1,1,1,317
"318",1,1,4,4,0.8,0.8,0.8,0.8,0.4,0.4,0.4,0.4,2.77999999999998,0.419999999999999,0.409999999999999,2.78999999999998,0.6,0.6,1,1,1.3610879715443,1.3598439229548,0.720279206926941,0.716456691652866,-0.00520919722091442,0.574403305403169,1,1,2,1,1,1,318
"319",1,1,4,4,0.8,0.8,0.8,0.8,0.4,0.4,0.4,0.4,2.77999999999998,0.419999999999999,0.409999999999999,2.78999999999998,0.6,0.6,1,1,1.3610879715443,1.3598439229548,0.720279206926941,0.716456691652866,-0.00520919722091442,0.574403305403169,1,1,2,0,1,1,319
"320",1,1,4,4,0.8,0.8,0.8,0.8,0.4,0.4,0.4,0.4,2.77999999999998,0.419999999999999,0.399999999999999,2.79999999999998,0.6,0.6,1,1,1.3607432643782,1.35851949638187,0.721985430589134,0.714256948393522,-0.00506431878641847,0.574471906888587,1,1,2,1,1,1,320
"321",1,1,4,4,0.8,0.8,0.8,0.8,0.4,0.4,0.4,0.4,2.77999999999998,0.419999999999999,0.399999999999999,2.79999999999998,0.6,0.6,1,1,1.3607432643782,1.35851949638187,0.721985430589134,0.714256948393522,-0.00506431878641847,0.574471906888587,1,1,1,0,1,1,321
"322",1,1,4,4,0.8,0.8,0.8,0.8,0.4,0.4,0.4,0.4,2.77999999999998,0.419999999999999,0.399999999999999,2.79999999999998,0.6,0.6,1,1,1.3607432643782,1.35851949638187,0.721985430589134,0.714256948393522,-0.00506431878641847,0.574471906888587,1,1,1,0,1,1,322
"323",1,1,4,4,0.8,0.8,0.8,0.8,0.4,0.4,0.4,0.4,2.78999999999998,0.409999999999999,0.399999999999999,2.79999999999998,0.6,0.6,1,1,1.35943644518142,1.35864866803957,0.719965323615373,0.716047005022923,-0.0049325428377746,0.576065634604347,1,1,1,1,1,1,323
"324",1,1,4,4,0.8,0.8,0.8,0.8,0.4,0.4,0.4,0.4,2.79999999999998,0.399999999999999,0.399999999999999,2.79999999999998,0.6,0.6,1,1,1.35933258128347,1.35929326601076,0.717756784578681,0.717751747569037,-0.00472320292644832,0.578536114863086,1,1,1,1,1,1,324
"325",1,1,4,4,0.8,0.8,0.8,0.8,0.4,0.4,0.4,0.4,2.80999999999998,0.389999999999999,0.399999999999999,2.79999999999998,0.6,0.6,1,1,1.3581431156018,1.35915591544207,0.715640704401399,0.719474684370733,-0.00457951059339654,0.581207995544783,1,1,1,1,1,1,325
"326",1,1,4,4,0.8,0.8,0.8,0.8,0.4,0.4,0.4,0.4,2.80999999999998,0.389999999999999,0.399999999999999,2.79999999999998,0.6,0.6,1,1,1.3581431156018,1.35915591544207,0.715640704401399,0.719474684370733,-0.00457951059339654,0.581207995544783,1,1,1,0,1,1,326
"327",1,1,4,4,0.8,0.8,0.8,0.8,0.4,0.4,0.4,0.4,2.80999999999998,0.389999999999999,0.389999999999999,2.80999999999998,0.6,0.6,1,1,1.35652321214959,1.35652321214908,0.717364731170416,0.717364731170935,-0.00451736611818336,0.584188675375394,1,1,2,1,1,1,327
"328",1,1,4,4,0.8,0.8,0.8,0.8,0.4,0.4,0.4,0.4,2.80999999999998,0.389999999999999,0.389999999999999,2.80999999999998,0.6,0.6,1,1,1.35652321214959,1.35652321214908,0.717364731170416,0.717364731170935,-0.00451736611818336,0.584188675375394,1,1,2,0,1,1,328
"329",1,1,4,4,0.8,0.8,0.8,0.8,0.4,0.4,0.4,0.4,2.81999999999998,0.379999999999999,0.389999999999999,2.80999999999998,0.6,0.6,1,1,1.35550280170575,1.35678606137257,0.715416358344115,0.719102554085415,-0.00437939990549656,0.586802723203537,1,1,1,1,1,1,329
"330",1,1,4,4,0.8,0.8,0.8,0.8,0.4,0.4,0.4,0.4,2.81999999999998,0.379999999999999,0.389999999999999,2.80999999999998,0.6,0.6,1,1,1.35550280170575,1.35678606137257,0.715416358344115,0.719102554085415,-0.00437939990549656,0.586802723203537,1,1,1,0,1,1,330
"331",1,1,4,4,0.8,0.8,0.8,0.8,0.4,0.4,0.4,0.4,2.82999999999998,0.369999999999999,0.389999999999999,2.80999999999998,0.6,0.6,1,1,1.35411095740322,1.35612090596051,0.713207757970308,0.720818935182506,-0.00424673249722477,0.589506824690008,1,1,1,1,1,1,331
"332",1,1,4,4,0.8,0.8,0.8,0.8,0.4,0.4,0.4,0.4,2.82999999999998,0.369999999999999,0.389999999999999,2.80999999999998,0.6,0.6,1,1,1.35411095740322,1.35612090596051,0.713207757970308,0.720818935182506,-0.00424673249722477,0.589506824690008,1,1,1,0,1,1,332
"333",1,1,4,4,0.8,0.8,0.8,0.8,0.4,0.4,0.4,0.4,2.82999999999998,0.369999999999999,0.389999999999999,2.80999999999998,0.6,0.6,1,1,1.35411095740322,1.35612090596051,0.713207757970308,0.720818935182506,-0.00424673249722477,0.589506824690008,1,1,1,0,1,1,333
"334",1,1,4,4,0.8,0.8,0.8,0.8,0.4,0.4,0.4,0.4,2.82999999999998,0.369999999999999,0.389999999999999,2.80999999999998,0.6,0.6,1,1,1.35411095740322,1.35612090596051,0.713207757970308,0.720818935182506,-0.00424673249722477,0.589506824690008,1,1,1,0,1,1,334
"335",1,1,4,4,0.8,0.8,0.8,0.8,0.4,0.4,0.4,0.4,2.82999999999998,0.369999999999999,0.389999999999999,2.80999999999998,0.6,0.6,1,1,1.35411095740322,1.35612090596051,0.713207757970308,0.720818935182506,-0.00424673249722477,0.589506824690008,1,1,1,0,1,1,335
"336",1,1,4,4,0.8,0.8,0.8,0.8,0.4,0.4,0.4,0.4,2.82999999999998,0.369999999999999,0.379999999999999,2.81999999999998,0.6,0.6,1,1,1.35421577927066,1.35494306687019,0.714931187974962,0.718780770414692,-0.00410339425425987,0.59212832009234,1,1,2,1,1,1,336
"337",1,1,4,4,0.8,0.8,0.8,0.8,0.4,0.4,0.4,0.4,2.82999999999998,0.369999999999999,0.379999999999999,2.81999999999998,0.6,0.6,1,1,1.35421577927066,1.35494306687019,0.714931187974962,0.718780770414692,-0.00410339425425987,0.59212832009234,1,1,2,0,1,1,337
"338",1,1,4,4,0.8,0.8,0.8,0.8,0.4,0.4,0.4,0.4,2.82999999999998,0.369999999999999,0.379999999999999,2.81999999999998,0.6,0.6,1,1,1.35421577927066,1.35494306687019,0.714931187974962,0.718780770414692,-0.00410339425425987,0.59212832009234,1,1,2,0,1,1,338
"339",1,1,4,4,0.8,0.8,0.8,0.8,0.4,0.4,0.4,0.4,2.83999999999998,0.359999999999999,0.379999999999999,2.81999999999998,0.6,0.6,1,1,1.35387846308193,1.35582758834055,0.712867337690083,0.720418742657946,-0.00390516085946045,0.59454628719066,1,1,1,1,1,1,339
"340",1,1,4,4,0.8,0.8,0.8,0.8,0.4,0.4,0.4,0.4,2.84999999999998,0.349999999999999,0.379999999999999,2.81999999999998,0.6,0.6,1,1,1.35279770295759,1.35576130615447,0.710753350323833,0.722071801338587,-0.00375203258550594,0.597127070284367,1,1,1,1,1,1,340
"341",1,1,4,4,0.8,0.8,0.8,0.8,0.4,0.4,0.4,0.4,2.84999999999998,0.349999999999999,0.379999999999999,2.81999999999998,0.6,0.6,1,1,1.35279770295759,1.35576130615447,0.710753350323833,0.722071801338587,-0.00375203258550594,0.597127070284367,1,1,2,0,1,1,341
"342",1,1,4,4,0.8,0.8,0.8,0.8,0.4,0.4,0.4,0.4,2.84999999999998,0.349999999999999,0.379999999999999,2.81999999999998,0.6,0.6,1,1,1.35279770295759,1.35576130615447,0.710753350323833,0.722071801338587,-0.00375203258550594,0.597127070284367,1,1,1,0,1,1,342
"343",1,1,4,4,0.8,0.8,0.8,0.8,0.4,0.4,0.4,0.4,2.84999999999998,0.349999999999999,0.379999999999999,2.81999999999998,0.6,0.6,1,1,1.35279770295759,1.35576130615447,0.710753350323833,0.722071801338587,-0.00375203258550594,0.597127070284367,1,1,2,0,1,1,343
"344",1,1,4,4,0.8,0.8,0.8,0.8,0.4,0.4,0.4,0.4,2.85999999999998,0.339999999999999,0.379999999999999,2.81999999999998,0.6,0.6,1,1,1.35160844022307,1.35554380883944,0.708708764591519,0.723760049913019,-0.0036196442633436,0.599736538167205,1,1,1,1,1,1,344
"345",1,1,4,4,0.8,0.8,0.8,0.8,0.4,0.4,0.4,0.4,2.85999999999998,0.339999999999999,0.369999999999999,2.82999999999998,0.6,0.6,1,1,1.3512627987589,1.35420212522794,0.710396288141966,0.721654610108366,-0.00348005009864348,0.60238083302853,1,1,2,1,1,1,345
"346",1,1,4,4,0.8,0.8,0.8,0.8,0.4,0.4,0.4,0.4,2.85999999999998,0.339999999999999,0.369999999999999,2.82999999999998,0.6,0.6,1,1,1.3512627987589,1.35420212522794,0.710396288141966,0.721654610108366,-0.00348005009864348,0.60238083302853,1,1,1,0,1,1,346
"347",1,1,4,4,0.8,0.8,0.8,0.8,0.4,0.4,0.4,0.4,2.85999999999998,0.339999999999999,0.369999999999999,2.82999999999998,0.6,0.6,1,1,1.3512627987589,1.35420212522794,0.710396288141966,0.721654610108366,-0.00348005009864348,0.60238083302853,1,1,1,0,1,1,347
"348",1,1,4,4,0.8,0.8,0.8,0.8,0.4,0.4,0.4,0.4,2.85999999999998,0.339999999999999,0.369999999999999,2.82999999999998,0.6,0.6,1,1,1.3512627987589,1.35420212522794,0.710396288141966,0.721654610108366,-0.00348005009864348,0.60238083302853,1,1,1,0,1,1,348
"349",1,1,4,4,0.8,0.8,0.8,0.8,0.4,0.4,0.4,0.4,2.86999999999998,0.329999999999999,0.369999999999999,2.82999999999998,0.6,0.6,1,1,1.35015392897887,1.35405727995618,0.708374403836259,0.723345932528321,-0.00334663355794074,0.604959732522624,1,1,1,1,1,1,349
"350",1,1,4,4,0.8,0.8,0.8,0.8,0.4,0.4,0.4,0.4,2.86999999999998,0.329999999999999,0.369999999999999,2.82999999999998,0.6,0.6,1,1,1.35015392897887,1.35405727995618,0.708374403836259,0.723345932528321,-0.00334663355794074,0.604959732522624,1,1,1,0,1,1,350
"351",1,1,4,4,0.8,0.8,0.8,0.8,0.4,0.4,0.4,0.4,2.86999999999998,0.329999999999999,0.369999999999999,2.82999999999998,0.6,0.6,1,1,1.35015392897887,1.35405727995618,0.708374403836259,0.723345932528321,-0.00334663355794074,0.604959732522624,1,1,1,0,1,1,351
"352",1,1,4,4,0.8,0.8,0.8,0.8,0.4,0.4,0.4,0.4,2.86999999999998,0.329999999999999,0.369999999999999,2.82999999999998,0.6,0.6,1,1,1.35015392897887,1.35405727995618,0.708374403836259,0.723345932528321,-0.00334663355794074,0.604959732522624,1,1,2,0,1,1,352
"353",1,1,4,4,0.8,0.8,0.8,0.8,0.4,0.4,0.4,0.4,2.86999999999998,0.329999999999999,0.369999999999999,2.82999999999998,0.6,0.6,1,1,1.35015392897887,1.35405727995618,0.708374403836259,0.723345932528321,-0.00334663355794074,0.604959732522624,1,1,2,0,1,1,353
"354",1,1,4,4,0.8,0.8,0.8,0.8,0.4,0.4,0.4,0.4,2.86999999999998,0.329999999999999,0.359999999999999,2.83999999999998,0.6,0.6,1,1,1.34990701974069,1.35282260197173,0.71006377784744,0.721262546833681,-0.0032043362094348,0.607567454082912,1,1,2,1,1,1,354
"355",1,1,4,4,0.8,0.8,0.8,0.8,0.4,0.4,0.4,0.4,2.86999999999998,0.329999999999999,0.359999999999999,2.83999999999998,0.6,0.6,1,1,1.34990701974069,1.35282260197173,0.71006377784744,0.721262546833681,-0.0032043362094348,0.607567454082912,1,1,1,0,1,1,355
"356",1,1,4,4,0.8,0.8,0.8,0.8,0.4,0.4,0.4,0.4,2.86999999999998,0.329999999999999,0.359999999999999,2.83999999999998,0.6,0.6,1,1,1.34990701974069,1.35282260197173,0.71006377784744,0.721262546833681,-0.0032043362094348,0.607567454082912,1,1,2,0,1,1,356
"357",1,1,4,4,0.8,0.8,0.8,0.8,0.4,0.4,0.4,0.4,2.86999999999998,0.329999999999999,0.349999999999999,2.84999999999998,0.6,0.6,1,1,1.34966770653692,1.3516035395093,0.71174426302651,0.719190277547981,-0.00306303953598316,0.610160865317014,1,1,2,1,1,1,357
"358",1,1,4,4,0.8,0.8,0.8,0.8,0.4,0.4,0.4,0.4,2.86999999999998,0.329999999999999,0.349999999999999,2.84999999999998,0.6,0.6,1,1,1.34966770653692,1.3516035395093,0.71174426302651,0.719190277547981,-0.00306303953598316,0.610160865317014,1,1,1,0,1,1,358
"359",1,1,4,4,0.8,0.8,0.8,0.8,0.4,0.4,0.4,0.4,2.86999999999998,0.329999999999999,0.349999999999999,2.84999999999998,0.6,0.6,1,1,1.34966770653692,1.3516035395093,0.71174426302651,0.719190277547981,-0.00306303953598316,0.610160865317014,1,1,2,0,1,1,359
"360",1,1,4,4,0.8,0.8,0.8,0.8,0.4,0.4,0.4,0.4,2.87999999999998,0.319999999999999,0.349999999999999,2.84999999999998,0.6,0.6,1,1,1.34835098681498,1.35124287447557,0.709685382739184,0.720824764813375,-0.00293033795320644,0.61274782036812,1,1,1,1,1,1,360
"361",1,1,4,4,0.8,0.8,0.8,0.8,0.4,0.4,0.4,0.4,2.87999999999998,0.319999999999999,0.349999999999999,2.84999999999998,0.6,0.6,1,1,1.34835098681498,1.35124287447557,0.709685382739184,0.720824764813375,-0.00293033795320644,0.61274782036812,1,1,2,0,1,1,361
"362",1,1,4,4,0.8,0.8,0.8,0.8,0.4,0.4,0.4,0.4,2.87999999999998,0.319999999999999,0.339999999999999,2.85999999999998,0.6,0.6,1,1,1.34813071317197,1.35005093485665,0.711378638729284,0.718785402321656,-0.00279340498413858,0.615325241009387,1,1,2,1,1,1,362
"363",1,1,4,4,0.8,0.8,0.8,0.8,0.4,0.4,0.4,0.4,2.87999999999998,0.319999999999999,0.329999999999999,2.86999999999998,0.6,0.6,1,1,1.34793057389755,1.34888685673778,0.713055752446613,0.71674939262497,-0.00265496758955725,0.617884143785501,1,1,2,1,1,1,363
"364",1,1,4,4,0.8,0.8,0.8,0.8,0.4,0.4,0.4,0.4,2.87999999999998,0.319999999999999,0.329999999999999,2.86999999999998,0.6,0.6,1,1,1.34793057389755,1.34888685673778,0.713055752446613,0.71674939262497,-0.00265496758955725,0.617884143785501,1,1,1,0,1,1,364
"365",1,1,4,4,0.8,0.8,0.8,0.8,0.4,0.4,0.4,0.4,2.88999999999998,0.309999999999999,0.329999999999999,2.86999999999998,0.6,0.6,1,1,1.34539257830501,1.34729706423635,0.711044085055224,0.718413349930493,-0.00260255752571922,0.6207124627193,1,1,1,1,1,1,365
"366",1,1,4,4,0.8,0.8,0.8,0.8,0.4,0.4,0.4,0.4,2.88999999999998,0.309999999999999,0.329999999999999,2.86999999999998,0.6,0.6,1,1,1.34539257830501,1.34729706423635,0.711044085055224,0.718413349930493,-0.00260255752571922,0.6207124627193,1,1,2,0,1,1,366
"367",1,1,4,4,0.8,0.8,0.8,0.8,0.4,0.4,0.4,0.4,2.88999999999998,0.309999999999999,0.319999999999999,2.87999999999998,0.6,0.6,1,1,1.3454824828104,1.34617098055916,0.712737778770035,0.716370625595397,-0.00245618841364934,0.623220956078081,1,1,2,1,1,1,367
"368",1,1,4,4,0.8,0.8,0.8,0.8,0.4,0.4,0.4,0.4,2.88999999999998,0.309999999999999,0.319999999999999,2.87999999999998,0.6,0.6,1,1,1.3454824828104,1.34617098055916,0.712737778770035,0.716370625595397,-0.00245618841364934,0.623220956078081,1,1,1,0,1,1,368
"369",1,1,4,4,0.8,0.8,0.8,0.8,0.4,0.4,0.4,0.4,2.88999999999998,0.309999999999999,0.319999999999999,2.87999999999998,0.6,0.6,1,1,1.3454824828104,1.34617098055916,0.712737778770035,0.716370625595397,-0.00245618841364934,0.623220956078081,1,1,1,0,1,1,369
"370",1,1,4,4,0.8,0.8,0.8,0.8,0.4,0.4,0.4,0.4,2.88999999999998,0.309999999999999,0.309999999999999,2.88999999999998,0.6,0.6,1,1,1.34498793317401,1.34499445204102,0.714309403912998,0.714297564055982,-0.00231223541872451,0.625761688398497,1,1,2,1,1,1,370
"371",1,1,4,4,0.8,0.8,0.8,0.8,0.4,0.4,0.4,0.4,2.89999999999998,0.299999999999999,0.309999999999999,2.88999999999998,0.6,0.6,1,1,1.34387465444239,1.34508067800607,0.7123681895877,0.716075711739254,-0.00218986107131119,0.628275986265926,1,1,1,1,1,1,371
"372",1,1,4,4,0.8,0.8,0.8,0.8,0.4,0.4,0.4,0.4,2.89999999999998,0.299999999999999,0.299999999999999,2.89999999999998,0.6,0.6,1,1,1.34476904696731,1.34476527451878,0.713941008508751,0.713945135391626,-0.00197281397523869,0.630559708114332,1,1,2,1,1,1,372
"373",1,1,4,4,0.8,0.8,0.8,0.8,0.4,0.4,0.4,0.4,2.89999999999998,0.299999999999999,0.299999999999999,2.89999999999998,0.6,0.6,1,1,1.34476904696731,1.34476527451878,0.713941008508751,0.713945135391626,-0.00197281397523869,0.630559708114332,1,1,2,0,1,1,373
"374",1,1,4,4,0.8,0.8,0.8,0.8,0.4,0.4,0.4,0.4,2.89999999999998,0.299999999999999,0.299999999999999,2.89999999999998,0.6,0.6,1,1,1.34476904696731,1.34476527451878,0.713941008508751,0.713945135391626,-0.00197281397523869,0.630559708114332,1,1,1,0,1,1,374
"375",1,1,4,4,0.8,0.8,0.8,0.8,0.4,0.4,0.4,0.4,2.90999999999998,0.289999999999999,0.299999999999999,2.89999999999998,0.6,0.6,1,1,1.34223665806594,1.34317012004765,0.711944944159917,0.715581523517467,-0.00192017490912644,0.633344503709155,1,1,1,1,1,1,375
"376",1,1,4,4,0.8,0.8,0.8,0.8,0.4,0.4,0.4,0.4,2.90999999999998,0.289999999999999,0.299999999999999,2.89999999999998,0.6,0.6,1,1,1.34223665806594,1.34317012004765,0.711944944159917,0.715581523517467,-0.00192017490912644,0.633344503709155,1,1,2,0,1,1,376
"377",1,1,4,4,0.8,0.8,0.8,0.8,0.4,0.4,0.4,0.4,2.91999999999998,0.279999999999999,0.299999999999999,2.89999999999998,0.6,0.6,1,1,1.34119574438135,1.34333820865728,0.709952313532357,0.717266459582721,-0.001778007543384,0.63579483677001,1,1,1,1,1,1,377
"378",1,1,4,4,0.8,0.8,0.8,0.8,0.4,0.4,0.4,0.4,2.91999999999998,0.279999999999999,0.299999999999999,2.89999999999998,0.6,0.6,1,1,1.34119574438135,1.34333820865728,0.709952313532357,0.717266459582721,-0.001778007543384,0.63579483677001,1,1,2,0,1,1,378
"379",1,1,4,4,0.8,0.8,0.8,0.8,0.4,0.4,0.4,0.4,2.91999999999998,0.279999999999999,0.299999999999999,2.89999999999998,0.6,0.6,1,1,1.34119574438135,1.34333820865728,0.709952313532357,0.717266459582721,-0.001778007543384,0.63579483677001,1,1,1,0,1,1,379
"380",1,1,4,4,0.8,0.8,0.8,0.8,0.4,0.4,0.4,0.4,2.91999999999998,0.279999999999999,0.289999999999999,2.90999999999998,0.6,0.6,1,1,1.34205003893067,1.34296334109239,0.711552170191684,0.71522071115458,-0.00157571289253025,0.638084759844653,1,1,2,1,1,1,380
"381",1,1,4,4,0.8,0.8,0.8,0.8,0.4,0.4,0.4,0.4,2.91999999999998,0.279999999999999,0.289999999999999,2.90999999999998,0.6,0.6,1,1,1.34205003893067,1.34296334109239,0.711552170191684,0.71522071115458,-0.00157571289253025,0.638084759844653,1,1,1,0,1,1,381
"382",1,1,4,4,0.8,0.8,0.8,0.8,0.4,0.4,0.4,0.4,2.92999999999998,0.269999999999999,0.289999999999999,2.90999999999998,0.6,0.6,1,1,1.33960879774,1.34145383902031,0.709587436859594,0.71680397935677,-0.00151775731133963,0.640819276908878,1,1,1,1,1,1,382
"383",1,1,4,4,0.8,0.8,0.8,0.8,0.4,0.4,0.4,0.4,2.92999999999998,0.269999999999999,0.279999999999999,2.91999999999998,0.6,0.6,1,1,1.34040893408265,1.34136776035566,0.711164558192679,0.714813955882988,-0.00131229340319808,0.643076610160877,1,1,2,1,1,1,383
"384",1,1,4,4,0.8,0.8,0.8,0.8,0.4,0.4,0.4,0.4,2.92999999999998,0.269999999999999,0.279999999999999,2.91999999999998,0.6,0.6,1,1,1.34040893408265,1.34136776035566,0.711164558192679,0.714813955882988,-0.00131229340319808,0.643076610160877,1,1,1,0,1,1,384
"385",1,1,4,4,0.8,0.8,0.8,0.8,0.4,0.4,0.4,0.4,2.92999999999998,0.269999999999999,0.279999999999999,2.91999999999998,0.6,0.6,1,1,1.34040893408265,1.34136776035566,0.711164558192679,0.714813955882988,-0.00131229340319808,0.643076610160877,1,1,2,0,1,1,385
"386",1,1,4,4,0.8,0.8,0.8,0.8,0.4,0.4,0.4,0.4,2.93999999999998,0.259999999999999,0.279999999999999,2.91999999999998,0.6,0.6,1,1,1.33959277603218,1.34142594894997,0.709804714011669,0.716987447811872,-0.00129770483837827,0.645668152940753,1,0,1,1,1,1,386
"387",1,1,4,4,0.8,0.8,0.8,0.8,0.4,0.4,0.4,0.4,2.94999999999998,0.249999999999999,0.279999999999999,2.91999999999998,0.6,0.6,1,1,1.33825210486755,1.34098979147741,0.707546986512923,0.718289749464622,-0.00110902974976551,0.648062105927866,1,0,1,1,1,1,387
"388",1,1,4,4,0.8,0.8,0.8,0.8,0.4,0.4,0.4,0.4,2.94999999999998,0.249999999999999,0.279999999999999,2.91999999999998,0.6,0.6,1,1,1.33825210486755,1.34098979147741,0.707546986512923,0.718289749464622,-0.00110902974976551,0.648062105927866,1,0,2,0,1,1,388
"389",1,1,4,4,0.8,0.8,0.8,0.8,0.4,0.4,0.4,0.4,2.94999999999998,0.249999999999999,0.279999999999999,2.91999999999998,0.6,0.6,1,1,1.33825210486755,1.34098979147741,0.707546986512923,0.718289749464622,-0.00110902974976551,0.648062105927866,1,0,2,0,1,1,389
"390",1,1,4,4,0.8,0.8,0.8,0.8,0.4,0.4,0.4,0.4,2.94999999999998,0.249999999999999,0.269999999999999,2.92999999999998,0.6,0.6,1,1,1.33842555633408,1.34024481122721,0.709459453954073,0.716604958358735,-0.00101629439652579,0.65053827003752,1,0,2,1,1,1,390
"391",1,1,4,4,0.8,0.8,0.8,0.8,0.4,0.4,0.4,0.4,2.94999999999998,0.249999999999999,0.269999999999999,2.92999999999998,0.6,0.6,1,1,1.33842555633408,1.34024481122721,0.709459453954073,0.716604958358735,-0.00101629439652579,0.65053827003752,1,0,2,0,1,1,391
"392",1,1,4,4,0.8,0.8,0.8,0.8,0.4,0.4,0.4,0.4,2.94999999999998,0.249999999999999,0.269999999999999,2.92999999999998,0.6,0.6,1,1,1.33842555633408,1.34024481122721,0.709459453954073,0.716604958358735,-0.00101629439652579,0.65053827003752,1,0,1,0,1,1,392
"393",1,1,4,4,0.8,0.8,0.8,0.8,0.4,0.4,0.4,0.4,2.94999999999998,0.249999999999999,0.269999999999999,2.92999999999998,0.6,0.6,1,1,1.33842555633408,1.34024481122721,0.709459453954073,0.716604958358735,-0.00101629439652579,0.65053827003752,1,0,2,0,1,1,393
"394",1,1,4,4,0.8,0.8,0.8,0.8,0.4,0.4,0.4,0.4,2.94999999999998,0.249999999999999,0.259999999999999,2.93999999999998,0.6,0.6,1,1,1.33848458283347,1.33939112815411,0.711267268085793,0.71483152969615,-0.000909023534831091,0.652995701261791,1,0,2,1,1,1,394
"395",1,1,4,4,0.8,0.8,0.8,0.8,0.4,0.4,0.4,0.4,2.94999999999998,0.249999999999999,0.259999999999999,2.93999999999998,0.6,0.6,1,1,1.33848458283347,1.33939112815411,0.711267268085793,0.71483152969615,-0.000909023534831091,0.652995701261791,1,0,2,0,1,1,395
"396",1,1,4,4,0.8,0.8,0.8,0.8,0.4,0.4,0.4,0.4,2.94999999999998,0.249999999999999,0.259999999999999,2.93999999999998,0.6,0.6,1,1,1.33848458283347,1.33939112815411,0.711267268085793,0.71483152969615,-0.000909023534831091,0.652995701261791,1,0,2,0,1,1,396
"397",1,1,4,4,0.8,0.8,0.8,0.8,0.4,0.4,0.4,0.4,2.95999999999998,0.239999999999999,0.259999999999999,2.93999999999998,0.6,0.6,1,1,1.33646110248544,1.33826504117081,0.708738957757099,0.715845106222469,-0.000696488916706817,0.655409337339314,1,0,1,1,1,1,397
"398",1,1,4,4,0.8,0.8,0.8,0.8,0.4,0.4,0.4,0.4,2.95999999999998,0.239999999999999,0.259999999999999,2.93999999999998,0.6,0.6,1,1,1.33646110248544,1.33826504117081,0.708738957757099,0.715845106222469,-0.000696488916706817,0.655409337339314,1,0,2,0,1,1,398
"399",1,1,4,4,0.8,0.8,0.8,0.8,0.4,0.4,0.4,0.4,2.95999999999998,0.239999999999999,0.259999999999999,2.93999999999998,0.6,0.6,1,1,1.33646110248544,1.33826504117081,0.708738957757099,0.715845106222469,-0.000696488916706817,0.655409337339314,1,0,2,0,1,1,399
"400",1,1,4,4,0.8,0.8,0.8,0.8,0.4,0.4,0.4,0.4,2.95999999999998,0.239999999999999,0.259999999999999,2.93999999999998,0.6,0.6,1,1,1.33646110248544,1.33826504117081,0.708738957757099,0.715845106222469,-0.000696488916706817,0.655409337339314,1,0,2,0,1,1,400
"401",1,1,4,4,0.8,0.8,0.8,0.8,0.4,0.4,0.4,0.4,2.95999999999998,0.239999999999999,0.259999999999999,2.93999999999998,0.6,0.6,1,1,1.33646110248544,1.33826504117081,0.708738957757099,0.715845106222469,-0.000696488916706817,0.655409337339314,1,0,2,0,1,1,401
"402",1,1,4,4,0.8,0.8,0.8,0.8,0.4,0.4,0.4,0.4,2.95999999999998,0.239999999999999,0.259999999999999,2.93999999999998,0.6,0.6,1,1,1.33646110248544,1.33826504117081,0.708738957757099,0.715845106222469,-0.000696488916706817,0.655409337339314,1,0,1,0,1,1,402
"403",1,1,4,4,0.8,0.8,0.8,0.8,0.4,0.4,0.4,0.4,2.95999999999998,0.239999999999999,0.249999999999999,2.94999999999998,0.6,0.6,1,1,1.33615035935515,1.3370501268799,0.711134165090165,0.71468161812373,-0.000752097736195813,0.65813164380581,1,0,2,1,1,1,403
"404",1,1,4,4,0.8,0.8,0.8,0.8,0.4,0.4,0.4,0.4,2.95999999999998,0.239999999999999,0.249999999999999,2.94999999999998,0.6,0.6,1,1,1.33615035935515,1.3370501268799,0.711134165090165,0.71468161812373,-0.000752097736195813,0.65813164380581,1,0,2,0,1,1,404
"405",1,1,4,4,0.8,0.8,0.8,0.8,0.4,0.4,0.4,0.4,2.96999999999998,0.229999999999999,0.249999999999999,2.94999999999998,0.6,0.6,1,1,1.33493615420699,1.33672682507074,0.708545310490557,0.715616543073446,-0.000474263289539006,0.660340991397301,1,0,1,1,1,1,405
"406",1,1,4,4,0.8,0.8,0.8,0.8,0.4,0.4,0.4,0.4,2.97999999999998,0.219999999999999,0.249999999999999,2.94999999999998,0.6,0.6,1,1,1.33342072913761,1.33610077065011,0.707563230513878,0.7181561038899,-0.000592216285073777,0.663161052621432,1,0,1,1,1,1,406
"407",1,1,4,4,0.8,0.8,0.8,0.8,0.4,0.4,0.4,0.4,2.97999999999998,0.219999999999999,0.249999999999999,2.94999999999998,0.6,0.6,1,1,1.33342072913761,1.33610077065011,0.707563230513878,0.7181561038899,-0.000592216285073777,0.663161052621432,1,0,2,0,1,1,407
"408",1,1,4,4,0.8,0.8,0.8,0.8,0.4,0.4,0.4,0.4,2.97999999999998,0.219999999999999,0.249999999999999,2.94999999999998,0.6,0.6,1,1,1.33342072913761,1.33610077065011,0.707563230513878,0.7181561038899,-0.000592216285073777,0.663161052621432,1,0,2,0,1,1,408
"409",1,1,4,4,0.8,0.8,0.8,0.8,0.4,0.4,0.4,0.4,2.97999999999998,0.219999999999999,0.249999999999999,2.94999999999998,0.6,0.6,1,1,1.33342072913761,1.33610077065011,0.707563230513878,0.7181561038899,-0.000592216285073777,0.663161052621432,1,0,2,0,1,1,409
"410",1,1,4,4,0.8,0.8,0.8,0.8,0.4,0.4,0.4,0.4,2.97999999999998,0.219999999999999,0.249999999999999,2.94999999999998,0.6,0.6,1,1,1.33342072913761,1.33610077065011,0.707563230513878,0.7181561038899,-0.000592216285073777,0.663161052621432,1,0,1,0,1,1,410
"411",1,1,4,4,0.8,0.8,0.8,0.8,0.4,0.4,0.4,0.4,2.97999999999998,0.219999999999999,0.239999999999999,2.95999999999998,0.6,0.6,1,1,1.33346465728453,1.33524292587421,0.708559803916169,0.715598187468699,-0.00029860811324886,0.665308383658016,1,0,2,1,1,1,411
"412",1,1,4,4,0.8,0.8,0.8,0.8,0.4,0.4,0.4,0.4,2.98999999999998,0.209999999999999,0.239999999999999,2.95999999999998,0.6,0.6,1,1,1.33150598831363,1.33416839051825,0.707847402033998,0.718395405952051,-0.000507244020186322,0.668303597499834,1,0,1,1,1,1,412
"413",1,1,4,4,0.8,0.8,0.8,0.8,0.4,0.4,0.4,0.4,2.98999999999998,0.209999999999999,0.239999999999999,2.95999999999998,0.6,0.6,1,1,1.33150598831363,1.33416839051825,0.707847402033998,0.718395405952051,-0.000507244020186322,0.668303597499834,1,0,2,0,1,1,413
"414",1,1,4,4,0.8,0.8,0.8,0.8,0.4,0.4,0.4,0.4,2.98999999999998,0.209999999999999,0.239999999999999,2.95999999999998,0.6,0.6,1,1,1.33150598831363,1.33416839051825,0.707847402033998,0.718395405952051,-0.000507244020186322,0.668303597499834,1,0,2,0,1,1,414
"415",1,1,4,4,0.8,0.8,0.8,0.8,0.4,0.4,0.4,0.4,2.98999999999998,0.209999999999999,0.239999999999999,2.95999999999998,0.6,0.6,1,1,1.33150598831363,1.33416839051825,0.707847402033998,0.718395405952051,-0.000507244020186322,0.668303597499834,1,0,2,0,1,1,415
"416",1,1,4,4,0.8,0.8,0.8,0.8,0.4,0.4,0.4,0.4,2.98999999999998,0.209999999999999,0.229999999999999,2.96999999999998,0.6,0.6,1,1,1.33170851766184,1.33347569012429,0.708987607778983,0.715997371394882,-0.000239209663867257,0.670457355883298,1,0,2,1,1,1,416
"417",1,1,4,4,0.8,0.8,0.8,0.8,0.4,0.4,0.4,0.4,2.98999999999998,0.209999999999999,0.229999999999999,2.96999999999998,0.6,0.6,1,1,1.33170851766184,1.33347569012429,0.708987607778983,0.715997371394882,-0.000239209663867257,0.670457355883298,1,0,2,0,1,1,417
"418",1,1,4,4,0.8,0.8,0.8,0.8,0.4,0.4,0.4,0.4,2.99999999999998,0.199999999999999,0.229999999999999,2.96999999999998,0.6,0.6,1,1,1.33053928487503,1.3331791907417,0.706871266583101,0.717356759737658,-6.61116213092477e-05,0.672774802991311,1,0,1,1,1,1,418
"419",1,1,4,4,0.8,0.8,0.8,0.8,0.4,0.4,0.4,0.4,2.99999999999998,0.199999999999999,0.229999999999999,2.96999999999998,0.6,0.6,1,1,1.33053928487503,1.3331791907417,0.706871266583101,0.717356759737658,-6.61116213092477e-05,0.672774802991311,1,0,2,0,1,1,419
"420",1,1,4,4,0.8,0.8,0.8,0.8,0.4,0.4,0.4,0.4,2.99999999999998,0.199999999999999,0.229999999999999,2.96999999999998,0.6,0.6,1,1,1.33053928487503,1.3331791907417,0.706871266583101,0.717356759737658,-6.61116213092477e-05,0.672774802991311,1,0,2,0,1,1,420
"421",1,1,4,4,0.8,0.8,0.8,0.8,0.4,0.4,0.4,0.4,2.99999999999998,0.199999999999999,0.219999999999999,2.97999999999998,0.6,0.6,1,1,1.32961519357941,1.33136801447631,0.708404023105168,0.715377002990263,3.55516877236506e-05,0.675280190739258,1,0,2,1,1,1,421
